nome,data_criacao,data_atualizacao,pull_requests,releases,linguagem,issues_fechadas,issues_totais,stargazes
freeCodeCamp/freeCodeCamp,2014-12-24T17:49:19Z,2020-03-12T16:00:11Z,12528,0,JavaScript,14083,14244,309153
996icu/996.ICU,2019-03-26T07:31:14Z,2020-03-12T16:12:09Z,1020,0,Rust,0,0,249166
vuejs/vue,2013-07-29T03:24:51Z,2020-03-12T16:27:25Z,954,208,JavaScript,8556,8851,159141
facebook/react,2013-05-24T16:15:54Z,2020-03-12T16:00:42Z,6432,89,JavaScript,8415,8880,145161
tensorflow/tensorflow,2015-11-07T01:19:20Z,2020-03-12T16:31:06Z,9302,100,C++,20361,23552,141923
twbs/bootstrap,2011-07-29T21:19:00Z,2020-03-12T16:18:28Z,5521,57,JavaScript,18799,19129,139191
EbookFoundation/free-programming-books,2013-10-11T06:50:37Z,2020-03-12T16:31:30Z,2510,0,,393,413,138416
sindresorhus/awesome,2014-07-11T13:42:37Z,2020-03-12T16:29:04Z,466,0,,231,242,128144
getify/You-Dont-Know-JS,2013-11-16T02:37:24Z,2020-03-12T16:08:28Z,343,0,,748,821,118815
ohmyzsh/ohmyzsh,2009-08-28T18:15:37Z,2020-03-12T16:20:33Z,2208,0,Shell,3033,3241,104885
jwasham/coding-interview-university,2016-06-06T02:34:12Z,2020-03-12T16:04:55Z,165,0,,78,104,100975
kamranahmedse/developer-roadmap,2017-03-15T13:45:52Z,2020-03-12T16:01:18Z,26,3,,390,399,97317
github/gitignore,2010-11-08T20:17:14Z,2020-03-12T15:51:28Z,1389,0,,0,0,96339
CyC2018/CS-Notes,2018-02-13T14:56:24Z,2020-03-12T16:28:04Z,355,0,Java,361,380,93864
airbnb/javascript,2012-11-01T23:13:50Z,2020-03-12T16:27:03Z,724,0,JavaScript,882,960,93602
microsoft/vscode,2015-09-03T20:23:38Z,2020-03-12T16:20:08Z,4849,3,TypeScript,79883,84562,92770
d3/d3,2010-09-27T17:22:42Z,2020-03-12T16:23:56Z,433,153,JavaScript,2029,2032,90346
flutter/flutter,2015-03-06T22:54:58Z,2020-03-12T16:31:09Z,13803,0,Dart,26101,33442,88179
torvalds/linux,2011-09-04T22:48:12Z,2020-03-12T16:28:17Z,9,0,C,0,0,87954
facebook/react-native,2015-01-09T18:10:16Z,2020-03-12T16:05:23Z,611,140,JavaScript,18239,18901,85483
donnemartin/system-design-primer,2017-02-26T16:15:28Z,2020-03-12T16:16:41Z,153,0,Python,30,111,84978
electron/electron,2013-04-12T01:47:36Z,2020-03-12T15:32:09Z,8559,532,C++,11412,12548,81236
vinta/awesome-python,2014-06-27T21:00:06Z,2020-03-12T16:27:05Z,453,0,Python,160,163,80126
jackfrued/Python-100-Days,2018-03-01T16:05:52Z,2020-03-12T16:29:17Z,12,0,Jupyter Notebook,56,291,79995
facebook/create-react-app,2016-07-17T14:55:11Z,2020-03-12T16:16:29Z,1711,73,JavaScript,5104,5536,76764
public-apis/public-apis,2016-03-20T23:49:42Z,2020-03-12T16:24:56Z,771,0,Python,119,122,71850
Snailclimb/JavaGuide,2018-05-07T13:27:00Z,2020-03-12T16:25:21Z,248,0,Java,284,312,71349
axios/axios,2014-08-18T22:30:27Z,2020-03-12T16:13:28Z,306,22,JavaScript,1915,2167,70511
golang/go,2014-08-19T04:33:40Z,2020-03-12T15:19:21Z,0,0,Go,31196,36629,69866
jlevy/the-art-of-command-line,2015-05-20T15:11:03Z,2020-03-12T16:31:30Z,301,0,,79,158,69711
nodejs/node,2014-11-26T19:57:11Z,2020-03-12T16:18:44Z,2245,150,JavaScript,10299,11240,68242
TheAlgorithms/Python,2016-07-16T09:44:01Z,2020-03-12T16:10:00Z,860,0,Python,216,233,67960
daneden/animate.css,2011-10-12T10:07:38Z,2020-03-12T16:27:48Z,136,19,CSS,672,694,65262
justjavac/free-programming-books-zh_CN,2013-11-04T01:59:19Z,2020-03-12T16:15:07Z,268,3,,208,343,64091
kubernetes/kubernetes,2014-06-06T22:56:04Z,2020-03-12T15:23:22Z,41956,375,Go,31877,33980,64000
trekhleb/javascript-algorithms,2018-03-24T07:47:04Z,2020-03-12T16:31:02Z,142,0,JavaScript,74,123,63349
ytdl-org/youtube-dl,2010-10-31T14:35:07Z,2020-03-12T15:12:52Z,1404,290,Python,16835,19483,62747
FortAwesome/Font-Awesome,2012-02-17T14:19:43Z,2020-03-12T15:24:14Z,175,35,JavaScript,10473,15640,62292
tensorflow/models,2016-02-05T01:15:20Z,2020-03-12T16:20:34Z,1879,10,Python,4045,5131,62256
danistefanovic/build-your-own-x,2018-05-09T12:03:18Z,2020-03-12T15:48:37Z,74,0,,256,300,60956
angular/angular.js,2010-01-06T00:34:37Z,2020-03-12T11:03:33Z,770,0,JavaScript,8590,8981,59634
puppeteer/puppeteer,2017-05-09T22:16:13Z,2020-03-12T16:26:10Z,1384,36,JavaScript,2877,3734,59271
mrdoob/three.js,2010-03-23T18:58:01Z,2020-03-12T15:56:02Z,6803,106,JavaScript,9065,9539,58947
angular/angular,2014-09-18T16:12:01Z,2020-03-12T16:20:42Z,2911,0,TypeScript,17416,20260,58798
microsoft/terminal,2017-08-11T18:38:22Z,2020-03-12T15:55:58Z,840,18,C++,3022,3873,58682
microsoft/TypeScript,2014-06-17T15:28:39Z,2020-03-12T16:21:48Z,9050,98,TypeScript,21281,25475,58640
laravel/laravel,2011-06-08T03:06:08Z,2020-03-12T15:42:34Z,1218,33,PHP,0,0,58088
ant-design/ant-design,2015-04-24T15:37:24Z,2020-03-12T15:27:22Z,4780,324,TypeScript,15608,16058,57592
moby/moby,2013-01-18T18:10:57Z,2020-03-12T14:36:45Z,16137,80,Go,16486,20036,56568
iluwatar/java-design-patterns,2014-08-09T16:45:18Z,2020-03-12T16:26:27Z,441,0,Java,369,527,56073
ossu/computer-science,2014-05-04T00:18:39Z,2020-03-12T16:20:01Z,147,0,,419,421,56015
mui-org/material-ui,2014-08-18T19:11:54Z,2020-03-12T15:21:36Z,7467,250,JavaScript,10305,10667,55340
30-seconds/30-seconds-of-code,2017-11-29T17:35:03Z,2020-03-12T16:16:23Z,637,4,JavaScript,220,227,55072
webpack/webpack,2012-03-10T10:08:14Z,2020-03-12T16:31:24Z,2724,214,JavaScript,6572,6941,53249
jquery/jquery,2009-04-03T15:20:14Z,2020-03-12T11:29:27Z,444,0,JavaScript,1898,1970,53041
vuejs/awesome-vue,2015-10-20T00:16:14Z,2020-03-12T16:06:57Z,2657,0,,85,163,52591
avelino/awesome-go,2014-07-06T13:42:15Z,2020-03-12T16:12:21Z,2024,0,Go,203,213,52585
nvbn/thefuck,2015-04-08T15:08:04Z,2020-03-12T15:58:18Z,407,14,Python,341,522,52502
reduxjs/redux,2015-05-29T23:53:15Z,2020-03-12T13:27:48Z,1264,61,TypeScript,1721,1749,52489
atom/atom,2012-01-20T18:18:21Z,2020-03-12T16:14:48Z,3553,508,JavaScript,14996,15490,51363
MisterBooo/LeetCodeAnimation,2018-12-06T08:01:22Z,2020-03-12T13:57:53Z,4,0,Java,28,29,50859
apple/swift,2015-10-23T21:15:07Z,2020-03-12T16:29:17Z,26548,20,C++,0,0,50829
hakimel/reveal.js,2011-06-07T18:54:22Z,2020-03-12T15:45:44Z,329,28,JavaScript,1302,1762,50661
PanJiaChen/vue-element-admin,2017-04-17T03:35:49Z,2020-03-12T15:55:47Z,284,45,Vue,2013,2591,50528
pallets/flask,2010-04-06T11:11:59Z,2020-03-12T15:48:50Z,1006,9,Python,1860,1880,49353
socketio/socket.io,2010-03-11T18:24:48Z,2020-03-12T16:05:19Z,376,18,JavaScript,2352,2809,48965
shadowsocks/shadowsocks-windows,2013-01-14T07:54:16Z,2020-03-12T16:28:53Z,197,44,C#,2403,2448,48133
django/django,2012-04-28T02:47:18Z,2020-03-12T16:28:12Z,5284,0,Python,0,0,47738
expressjs/express,2009-06-26T18:56:01Z,2020-03-12T16:22:14Z,193,140,JavaScript,3115,3233,47659
chartjs/Chart.js,2013-03-17T23:56:36Z,2020-03-12T16:02:46Z,1517,44,JavaScript,4641,5003,47607
elastic/elasticsearch,2010-02-08T13:20:56Z,2020-03-12T15:51:26Z,24176,20,Java,20703,22964,47491
Semantic-Org/Semantic-UI,2013-04-08T23:32:04Z,2020-03-12T16:02:34Z,346,153,JavaScript,5206,6079,47482
keras-team/keras,2015-03-28T00:35:42Z,2020-03-12T16:23:06Z,2402,22,Python,7113,9976,47173
chrislgarry/Apollo-11,2014-04-03T15:45:02Z,2020-03-12T09:46:09Z,221,0,Assembly,263,359,46843
storybookjs/storybook,2016-03-18T04:23:44Z,2020-03-12T16:30:19Z,3986,466,TypeScript,4471,4973,46385
spring-projects/spring-boot,2012-10-19T15:02:57Z,2020-03-12T16:21:59Z,41,50,Java,15930,16355,46039
jakubroztocil/httpie,2012-02-25T12:39:13Z,2020-03-12T15:35:19Z,112,32,Python,456,597,46032
typicode/json-server,2013-11-27T13:21:13Z,2020-03-12T15:08:24Z,90,7,JavaScript,392,844,45995
zeit/next.js,2016-10-05T23:32:51Z,2020-03-12T16:29:54Z,3928,592,JavaScript,5554,5888,45812
denoland/deno,2018-05-15T01:34:26Z,2020-03-12T16:29:12Z,2046,71,TypeScript,1244,1588,45512
netdata/netdata,2013-06-17T18:39:10Z,2020-03-12T15:57:46Z,3131,28,C,4263,4884,45390
rails/rails,2008-04-11T02:19:47Z,2020-03-12T16:23:44Z,16571,15,Ruby,13141,13535,45176
tonsky/FiraCode,2014-11-11T19:32:38Z,2020-03-12T16:31:40Z,82,20,Clojure,608,839,45139
adam-p/markdown-here,2012-05-13T03:27:22Z,2020-03-12T16:26:44Z,20,11,JavaScript,287,535,44438
h5bp/html5-boilerplate,2010-01-24T18:03:24Z,2020-03-12T15:02:44Z,318,29,JavaScript,1153,1155,44400
xingshaocheng/architect-awesome,2018-04-06T13:30:58Z,2020-03-12T15:36:20Z,41,0,,18,62,44188
ElemeFE/element,2016-09-03T06:19:26Z,2020-03-12T15:54:04Z,3040,126,Vue,13339,14655,44145
resume/resume.github.com,2011-02-06T13:39:55Z,2020-03-12T13:52:28Z,84,0,JavaScript,54,83,43873
h5bp/Front-end-Developer-Interview-Questions,2012-02-09T23:34:10Z,2020-03-12T16:29:10Z,321,0,HTML,92,97,43861
lodash/lodash,2012-04-07T04:11:46Z,2020-03-12T14:18:14Z,563,2,JavaScript,3575,3613,43827
josephmisiti/awesome-machine-learning,2014-07-15T19:11:19Z,2020-03-12T16:21:29Z,570,0,Python,61,61,43793
moment/moment,2011-03-01T02:46:06Z,2020-03-12T15:51:22Z,601,0,JavaScript,3224,3579,43498
rust-lang/rust,2010-06-16T20:39:03Z,2020-03-12T15:02:50Z,27121,0,Rust,28092,33346,43192
gatsbyjs/gatsby,2015-05-21T22:43:05Z,2020-03-12T16:30:30Z,10543,74,JavaScript,9100,9704,42807
opencv/opencv,2012-07-19T09:40:17Z,2020-03-12T15:13:41Z,8390,42,C++,4617,6333,42742
kdn251/interviews,2017-02-14T18:19:25Z,2020-03-12T15:37:05Z,42,0,Java,15,39,42633
bitcoin/bitcoin,2010-12-19T15:16:43Z,2020-03-12T16:06:50Z,8428,31,C++,4511,5275,42519
gohugoio/hugo,2013-07-04T15:26:26Z,2020-03-12T16:28:52Z,1044,117,Go,4024,4450,42246
ansible/ansible,2012-03-06T14:58:02Z,2020-03-12T15:51:03Z,30547,3,Python,22231,26492,42174
ReactiveX/RxJava,2013-01-08T20:11:48Z,2020-03-12T15:40:34Z,2841,193,Java,2876,2885,42101
awesome-selfhosted/awesome-selfhosted,2015-06-01T02:33:17Z,2020-03-12T16:02:54Z,1218,0,JavaScript,433,497,41895
psf/requests,2011-02-13T18:38:17Z,2020-03-12T15:50:14Z,1328,0,Python,2868,3085,41876
meteor/meteor,2012-01-19T01:58:17Z,2020-03-12T16:17:24Z,1171,0,JavaScript,8158,8265,41665
goldbergyoni/nodebestpractices,2017-09-15T08:33:19Z,2020-03-12T16:31:04Z,393,0,JavaScript,154,173,41542
antirez/redis,2009-03-21T22:32:25Z,2020-03-12T16:27:26Z,951,0,C,2314,4039,41533
mtdvio/every-programmer-should-know,2017-08-24T13:18:26Z,2020-03-12T15:57:09Z,80,0,,13,28,41016
ionic-team/ionic,2013-08-20T23:06:02Z,2020-03-12T15:58:04Z,2233,198,TypeScript,16242,17035,40426
protocolbuffers/protobuf,2014-08-26T15:52:15Z,2020-03-12T16:24:52Z,2544,45,C++,2962,3797,40424
yangshun/tech-interview-handbook,2016-07-05T05:00:48Z,2020-03-12T16:31:07Z,106,0,JavaScript,0,0,40298
nvm-sh/nvm,2010-04-15T17:47:47Z,2020-03-12T16:18:56Z,544,53,Shell,1123,1353,40289
doocs/advanced-java,2018-10-06T11:38:30Z,2020-03-12T15:59:08Z,44,0,Java,79,88,40084
kelseyhightower/nocode,2018-02-06T23:54:00Z,2020-03-12T16:10:50Z,1,1,Dockerfile,397,3449,40039
jekyll/jekyll,2008-10-20T06:29:03Z,2020-03-12T16:20:33Z,2681,93,Ruby,4039,4120,39922
apache/incubator-echarts,2013-04-03T03:18:59Z,2020-03-12T16:19:13Z,426,68,JavaScript,8901,11599,39837
google/material-design-icons,2014-10-08T18:01:28Z,2020-03-12T15:06:48Z,23,14,CSS,304,855,39790
scikit-learn/scikit-learn,2010-08-17T09:43:38Z,2020-03-12T13:22:41Z,5919,17,Python,5777,7220,39709
ReactTraining/react-router,2014-05-16T22:22:51Z,2020-03-12T15:59:30Z,1134,146,JavaScript,5279,5304,39678
jgthms/bulma,2016-01-23T23:48:34Z,2020-03-12T15:36:00Z,495,10,CSS,1763,1956,38816
thedaviddias/Front-End-Checklist,2017-10-16T10:12:36Z,2020-03-12T14:59:50Z,141,1,JavaScript,93,104,38522
papers-we-love/papers-we-love,2013-12-15T14:31:41Z,2020-03-12T15:15:30Z,370,0,,114,125,38217
awesomedata/awesome-public-datasets,2014-11-20T06:20:50Z,2020-03-12T16:30:15Z,187,0,,42,88,38154
gothinkster/realworld,2016-02-26T20:49:53Z,2020-03-12T16:27:18Z,125,0,JavaScript,139,322,38136
yarnpkg/yarn,2016-01-19T17:39:16Z,2020-03-12T15:08:16Z,1648,139,JavaScript,3659,5676,38092
necolas/normalize.css,2011-05-04T10:20:25Z,2020-03-12T14:46:54Z,56,0,CSS,434,454,38030
NARKOZ/hacker-scripts,2015-11-21T19:05:09Z,2020-03-12T12:00:00Z,60,0,JavaScript,24,55,37622
wasabeef/awesome-android-ui,2014-12-24T01:45:03Z,2020-03-12T14:57:06Z,52,0,,0,0,37304
Dogfalo/materialize,2014-09-12T19:35:38Z,2020-03-12T16:26:24Z,449,41,JavaScript,4536,5099,37223
scutan90/DeepLearning-500-questions,2018-06-27T06:36:45Z,2020-03-12T15:17:57Z,288,0,,74,146,36914
FreeCodeCampChina/freecodecamp.cn,2016-09-30T03:13:43Z,2020-03-12T13:06:16Z,55,0,CSS,442,585,36889
pytorch/pytorch,2016-08-13T05:26:41Z,2020-03-12T16:21:50Z,3978,25,C++,9011,12964,36851
nwjs/nw.js,2012-01-04T06:21:10Z,2020-03-12T10:07:11Z,554,0,JavaScript,5853,6593,36611
aymericdamien/TensorFlow-Examples,2015-11-11T14:21:19Z,2020-03-12T14:18:44Z,71,0,Jupyter Notebook,57,201,36563
jaywcjlove/awesome-mac,2016-07-17T15:33:47Z,2020-03-12T16:21:05Z,461,0,JavaScript,206,254,36450
scrapy/scrapy,2010-02-22T02:01:14Z,2020-03-12T16:19:11Z,1418,12,Python,1699,2124,36384
square/okhttp,2012-07-23T13:42:55Z,2020-03-12T15:03:15Z,2298,0,Java,2834,2992,36232
google/guava,2014-05-29T16:23:17Z,2020-03-12T15:36:44Z,179,28,Java,2467,3089,36195
gin-gonic/gin,2014-06-16T23:57:25Z,2020-03-12T15:42:54Z,598,9,Go,1137,1337,36045
babel/babel,2014-09-28T13:38:23Z,2020-03-12T16:27:46Z,3268,196,JavaScript,6318,6941,35982
enaqx/awesome-react,2014-08-06T05:31:44Z,2020-03-12T15:32:07Z,688,0,,60,63,35903
Hack-with-Github/Awesome-Hacking,2016-03-30T15:47:10Z,2020-03-12T15:02:34Z,19,0,,0,0,35854
android/architecture-samples,2016-02-05T13:42:07Z,2020-03-12T16:22:17Z,171,0,Kotlin,269,377,35689
spring-projects/spring-framework,2010-12-08T04:04:45Z,2020-03-12T15:58:01Z,497,170,Java,18340,19225,35676
prettier/prettier,2016-11-29T17:13:37Z,2020-03-12T15:07:52Z,3079,61,JavaScript,3354,3996,35607
impress/impress.js,2011-12-28T22:23:19Z,2020-03-12T15:04:16Z,88,13,JavaScript,389,434,35598
neovim/neovim,2014-01-31T13:39:22Z,2020-03-12T12:58:38Z,4151,20,Vim script,4553,5338,35591
nodejs/node-v0.x-archive,2009-05-27T16:29:46Z,2020-03-11T12:29:21Z,218,0,,5847,6382,35246
square/retrofit,2010-09-06T21:39:43Z,2020-03-12T15:35:48Z,690,27,Java,2241,2330,35096
parcel-bundler/parcel,2017-08-07T16:36:47Z,2020-03-12T16:28:49Z,1046,0,JavaScript,2272,2810,35089
minimaxir/big-list-of-naughty-strings,2015-08-08T20:57:20Z,2020-03-12T16:31:46Z,84,0,Python,27,71,35033
x64dbg/x64dbg,2015-04-11T20:48:23Z,2020-03-12T16:25:51Z,427,2,C++,1396,1761,34848
serverless/serverless,2015-04-21T03:48:40Z,2020-03-12T16:01:42Z,2629,151,JavaScript,3488,4207,34821
sindresorhus/awesome-nodejs,2014-07-11T13:35:34Z,2020-03-12T16:24:48Z,348,0,,89,89,34758
juliangarnier/anime,2016-03-13T21:37:45Z,2020-03-12T16:14:18Z,64,12,JavaScript,396,522,34346
vsouza/awesome-ios,2014-07-10T16:03:45Z,2020-03-12T15:08:36Z,2083,0,Swift,430,430,34297
ziishaned/learn-regex,2017-07-22T12:21:03Z,2020-03-12T16:16:46Z,96,0,,32,67,33979
astaxie/build-web-application-with-golang,2012-08-02T11:49:35Z,2020-03-12T15:19:33Z,727,0,Go,168,271,33976
grafana/grafana,2013-12-11T15:59:56Z,2020-03-12T15:56:13Z,6044,164,TypeScript,12768,15208,33886
ryanmcdermott/clean-code-javascript,2016-11-25T22:25:41Z,2020-03-12T16:11:44Z,137,0,JavaScript,61,89,33796
fatedier/frp,2015-12-21T15:24:59Z,2020-03-12T16:30:32Z,231,52,Go,1281,1347,33741
gogs/gogs,2014-02-12T01:57:08Z,2020-03-12T15:59:48Z,966,56,Go,3823,4476,33699
ColorlibHQ/AdminLTE,2013-12-25T02:52:40Z,2020-03-12T15:21:25Z,258,65,JavaScript,1997,2088,33538
k88hudson/git-flight-rules,2014-07-22T20:35:09Z,2020-03-12T08:36:05Z,199,0,,45,54,33376
tesseract-ocr/tesseract,2014-08-12T18:04:59Z,2020-03-12T16:19:14Z,988,8,C++,1511,1782,33376
MaximAbramchuck/awesome-interview-questions,2015-11-28T09:48:17Z,2020-03-12T15:01:01Z,134,0,,19,22,33367
ripienaar/free-for-dev,2015-03-18T21:06:26Z,2020-03-12T16:20:12Z,1058,0,HTML,0,0,33348
Alamofire/Alamofire,2014-07-31T05:56:19Z,2020-03-12T12:19:54Z,418,74,Swift,2259,2284,33057
TryGhost/Ghost,2013-05-04T11:09:13Z,2020-03-12T14:07:23Z,4698,298,JavaScript,5628,5671,32926
ageitgey/face_recognition,2017-03-03T21:52:39Z,2020-03-12T15:53:12Z,75,2,Python,490,937,32758
zeit/hyper,2016-07-01T06:01:21Z,2020-03-12T15:23:37Z,1083,64,TypeScript,2197,2938,32722
prakhar1989/awesome-courses,2014-11-15T18:36:49Z,2020-03-12T14:40:37Z,181,0,,32,57,32631
AFNetworking/AFNetworking,2011-05-31T21:28:44Z,2020-03-12T13:46:05Z,670,38,Objective-C,2634,3001,32625
shadowsocks/shadowsocks,2012-04-20T13:10:49Z,2020-03-12T16:19:12Z,70,2,Python,0,0,32431
bailicangdu/vue2-elm,2016-12-23T01:49:20Z,2020-03-12T13:53:34Z,19,0,Vue,424,486,32281
home-assistant/core,2013-09-17T07:29:48Z,2020-03-12T14:04:59Z,15953,530,Python,12273,13100,32061
Unitech/pm2,2013-05-21T03:25:25Z,2020-03-12T14:53:44Z,488,103,JavaScript,3078,3878,31862
gulpjs/gulp,2013-07-04T05:26:06Z,2020-03-12T15:48:00Z,379,22,JavaScript,1766,1790,31659
git/git,2008-07-23T14:21:26Z,2020-03-12T16:22:43Z,2,0,C,0,0,31640
google/material-design-lite,2015-01-14T22:01:33Z,2020-03-12T08:28:35Z,655,14,HTML,1786,2143,31560
sveltejs/svelte,2016-11-20T18:13:05Z,2020-03-12T16:05:32Z,1612,0,JavaScript,2175,2588,31430
trimstray/the-book-of-secret-knowledge,2018-06-23T10:43:14Z,2020-03-12T16:06:29Z,86,0,,32,35,31393
apache/dubbo,2012-06-19T07:56:02Z,2020-03-12T16:29:30Z,1501,24,Java,2799,3260,31338
soimort/you-get,2012-08-20T15:53:36Z,2020-03-12T14:30:01Z,500,102,Python,0,0,31333
leonardomso/33-js-concepts,2018-09-04T13:27:04Z,2020-03-12T13:47:18Z,88,0,JavaScript,22,22,31269
macrozheng/mall,2018-04-04T01:11:44Z,2020-03-12T16:05:27Z,0,0,Java,232,246,31016
JetBrains/kotlin,2012-02-13T17:29:58Z,2020-03-12T15:16:43Z,1261,139,Kotlin,0,0,31002
adobe/brackets,2011-12-07T21:14:40Z,2020-03-12T16:14:58Z,4323,68,JavaScript,6982,9448,30996
blueimp/jQuery-File-Upload,2010-12-01T15:35:32Z,2020-03-12T16:19:11Z,113,0,PHP,3153,3196,30554
tuvtran/project-based-learning,2017-04-12T05:07:46Z,2020-03-12T16:30:02Z,119,0,,15,26,30378
syncthing/syncthing,2013-11-26T09:48:21Z,2020-03-12T13:46:22Z,1332,190,Go,3708,3966,30332
discourse/discourse,2013-01-12T00:25:55Z,2020-03-12T16:16:49Z,7239,0,Ruby,0,0,30182
sdmg15/Best-websites-a-programmer-should-visit,2017-03-05T20:25:17Z,2020-03-12T16:11:34Z,232,0,,44,44,30132
justjavac/awesome-wechat-weapp,2016-09-22T20:04:48Z,2020-03-12T16:15:06Z,216,0,,0,0,30125
PhilJay/MPAndroidChart,2014-04-25T14:29:47Z,2020-03-12T15:32:15Z,189,44,Java,2766,4388,30053
facebook/jest,2013-12-10T00:18:04Z,2020-03-12T15:54:42Z,3485,87,TypeScript,4319,5148,30034
etcd-io/etcd,2013-07-06T21:57:21Z,2020-03-12T16:29:32Z,5759,172,Go,4261,4771,29993
karan/Projects,2013-07-04T13:37:27Z,2020-03-12T09:18:01Z,19,0,,29,54,29978
BVLC/caffe,2013-09-12T18:39:48Z,2020-03-12T16:24:59Z,1087,14,C++,3857,4688,29969
mozilla/pdf.js,2011-04-26T06:32:03Z,2020-03-12T14:15:56Z,4218,31,JavaScript,6040,6630,29810
tiimgreen/github-cheat-sheet,2014-04-12T16:38:42Z,2020-03-12T13:19:03Z,125,0,,40,43,29798
python/cpython,2017-02-10T19:23:51Z,2020-03-12T16:10:08Z,15250,0,Python,0,0,29788
hexojs/hexo,2012-09-23T15:17:08Z,2020-03-12T15:38:55Z,550,92,JavaScript,3233,3391,29780
XX-net/XX-Net,2015-01-15T09:35:51Z,2020-03-12T15:52:15Z,355,287,Python,4931,12311,29703
Trinea/android-open-project,2014-01-05T15:20:15Z,2020-03-12T12:44:23Z,201,0,,67,78,29700
sahat/hackathon-starter,2013-11-13T17:24:12Z,2020-03-12T14:38:01Z,290,13,JavaScript,541,550,29653
prometheus/prometheus,2012-11-24T11:14:12Z,2020-03-12T15:27:12Z,2892,133,Go,2861,3221,29570
alvarotrigo/fullPage.js,2013-09-20T11:58:29Z,2020-03-12T15:34:54Z,248,66,JavaScript,3298,3446,29542
deepfakes/faceswap,2017-12-19T09:44:13Z,2020-03-12T16:13:39Z,297,2,Python,564,574,29453
immutable-js/immutable-js,2014-07-02T06:02:29Z,2020-03-12T14:06:38Z,379,57,JavaScript,1021,1161,29312
slatedocs/slate,2013-09-13T22:15:24Z,2020-03-12T15:09:05Z,169,15,JavaScript,502,541,29226
shadowsocks/shadowsocks-android,2012-12-16T13:40:29Z,2020-03-12T16:25:44Z,219,162,Kotlin,2098,2115,29081
v2ray/v2ray-core,2015-09-04T11:42:53Z,2020-03-12T16:20:26Z,160,234,Go,1835,1999,28889
pixijs/pixi.js,2013-01-21T22:40:50Z,2020-03-12T15:14:41Z,1754,106,TypeScript,3880,3958,28797
algorithm-visualizer/algorithm-visualizer,2016-05-15T00:27:45Z,2020-03-12T16:17:17Z,178,0,JavaScript,56,69,28751
mermaid-js/mermaid,2014-11-01T23:52:32Z,2020-03-12T16:12:34Z,323,44,JavaScript,804,935,28692
koajs/koa,2013-07-20T18:53:45Z,2020-03-12T15:33:15Z,371,0,JavaScript,744,785,28649
godotengine/godot,2014-01-04T16:05:36Z,2020-03-12T14:43:30Z,11481,26,C++,16275,21841,28572
foundation/foundation-sites,2011-10-13T23:05:42Z,2020-03-12T16:04:19Z,2883,69,HTML,7668,7915,28531
bumptech/glide,2013-07-08T22:52:33Z,2020-03-12T14:43:37Z,314,35,Java,3498,3645,28493
cdr/code-server,2019-02-27T16:50:41Z,2020-03-12T15:02:18Z,155,35,TypeScript,1100,1156,28465
azl397985856/leetcode,2018-03-30T09:13:51Z,2020-03-12T16:13:50Z,137,17,JavaScript,112,137,28423
aosabook/500lines,2013-11-04T02:02:53Z,2020-03-12T16:11:17Z,175,0,JavaScript,36,61,24604
nylas/nylas-mail,2014-10-16T18:29:12Z,2020-03-12T15:22:54Z,139,53,JavaScript,2411,3421,24504
0voice/interview_internal_reference,2019-06-10T06:54:19Z,2020-03-12T15:43:09Z,32,0,Python,17,30,24427
fffaraz/awesome-cpp,2014-07-17T08:51:11Z,2020-03-12T16:20:45Z,389,0,,148,439,24332
request/request,2011-01-23T01:25:14Z,2020-03-12T14:49:21Z,650,0,JavaScript,1978,2128,24324
NervJS/taro,2018-04-08T09:32:26Z,2020-03-12T14:34:12Z,635,0,JavaScript,4025,4745,24280
Modernizr/Modernizr,2009-09-25T20:13:23Z,2020-03-11T18:35:28Z,712,14,JavaScript,1245,1401,24238
johnpapa/angular-styleguide,2014-07-29T00:07:51Z,2020-03-12T12:18:52Z,331,0,,361,423,24210
vuetifyjs/vuetify,2016-09-12T00:39:35Z,2020-03-12T15:21:00Z,2110,319,TypeScript,6993,7944,24207
Tencent/weui,2014-12-18T04:09:54Z,2020-03-12T16:19:14Z,164,18,CSS,578,598,24197
containous/traefik,2015-09-13T19:04:02Z,2020-03-12T16:26:21Z,2546,281,Go,3035,3495,27810
huginn/huginn,2013-03-10T06:00:31Z,2020-03-12T13:41:04Z,860,0,Ruby,1268,1621,27631
jashkenas/backbone,2010-09-30T19:41:28Z,2020-03-12T12:08:41Z,850,0,JavaScript,2329,2382,27625
kamranahmedse/design-patterns-for-humans,2017-02-16T21:24:39Z,2020-03-12T16:28:23Z,47,0,,41,47,27619
junegunn/fzf,2013-10-23T16:04:23Z,2020-03-12T16:23:05Z,219,0,Go,1363,1509,27594
videojs/video.js,2010-05-14T18:45:10Z,2020-03-12T15:50:49Z,1253,206,JavaScript,3711,3909,27541
chinese-poetry/chinese-poetry,2016-09-02T03:32:25Z,2020-03-12T16:26:21Z,68,1,JavaScript,68,113,27412
lukehoban/es6features,2014-03-03T18:29:30Z,2020-03-12T13:38:11Z,41,0,,36,55,27398
ariya/phantomjs,2010-12-27T08:18:58Z,2020-03-12T13:53:09Z,560,0,C++,4663,4695,27383
Leaflet/Leaflet,2010-09-22T16:57:44Z,2020-03-12T15:31:06Z,2051,21,JavaScript,3805,4213,27200
shadowsocks/ShadowsocksX-NG,2016-06-10T11:49:00Z,2020-03-12T16:01:06Z,58,26,Swift,970,1164,27084
dypsilon/frontend-dev-bookmarks,2013-06-22T13:23:55Z,2020-03-12T15:56:21Z,129,1,,77,92,26925
joshbuchea/HEAD,2016-04-20T20:05:37Z,2020-03-12T13:53:57Z,83,0,,71,82,26921
DefinitelyTyped/DefinitelyTyped,2012-10-05T16:39:45Z,2020-03-12T15:43:19Z,30578,1,TypeScript,3194,6345,26901
photonstorm/phaser,2013-04-12T12:27:51Z,2020-03-12T16:13:03Z,1199,93,JavaScript,3015,3190,26804
php/php-src,2011-06-16T01:52:25Z,2020-03-12T16:19:11Z,617,0,C,0,0,26759
jondot/awesome-react-native,2015-03-26T19:58:06Z,2020-03-12T14:04:28Z,799,0,JavaScript,33,50,26669
caddyserver/caddy,2015-01-13T19:45:03Z,2020-03-12T16:14:41Z,888,62,Go,1873,1978,26669
Genymobile/scrcpy,2017-11-21T18:00:27Z,2020-03-12T16:18:00Z,22,15,C,647,1106,26637
isocpp/CppCoreGuidelines,2015-08-19T20:22:52Z,2020-03-12T11:26:27Z,625,4,Python,625,781,26500
Blankj/AndroidUtilCode,2016-07-30T18:18:32Z,2020-03-12T14:42:24Z,64,112,Java,978,1024,26481
certbot/certbot,2014-11-12T02:52:20Z,2020-03-12T16:32:01Z,2825,5,Python,3756,4285,26411
codepath/android_guides,2013-06-19T10:24:45Z,2020-03-12T12:12:21Z,8,0,,211,359,26405
caolan/async,2010-06-01T21:01:30Z,2020-03-12T15:35:18Z,408,7,JavaScript,1044,1045,26401
tastejs/todomvc,2011-06-03T19:56:33Z,2020-03-12T09:19:47Z,714,5,JavaScript,618,733,26381
tldr-pages/tldr,2013-12-08T07:34:43Z,2020-03-12T14:14:22Z,2914,0,Shell,428,499,26318
iamkun/dayjs,2018-04-10T09:26:44Z,2020-03-12T14:40:44Z,367,73,JavaScript,301,360,26208
Solido/awesome-flutter,2017-05-07T11:45:27Z,2020-03-12T15:23:27Z,307,0,Dart,0,0,26144
bilibili/ijkplayer,2013-06-03T04:12:04Z,2020-03-12T13:49:47Z,28,0,C,2406,4797,25941
nuxt/nuxt.js,2016-10-26T11:18:47Z,2020-03-12T16:31:32Z,1643,121,JavaScript,4691,4957,25852
open-guides/og-aws,2016-07-13T17:30:16Z,2020-03-12T16:04:32Z,467,0,Shell,79,199,25793
JuliaLang/julia,2011-04-21T07:01:50Z,2020-03-12T16:11:20Z,13993,84,Julia,14548,17381,25778
quilljs/quill,2012-07-30T23:23:18Z,2020-03-12T13:12:34Z,192,82,JavaScript,1800,2529,25740
floodsung/Deep-Learning-Papers-Reading-Roadmap,2016-10-14T11:49:48Z,2020-03-12T15:13:59Z,22,0,Python,3,41,25730
bayandin/awesome-awesomeness,2014-07-08T05:44:19Z,2020-03-12T12:58:19Z,163,0,Ruby,48,54,25722
RocketChat/Rocket.Chat,2015-05-19T07:36:09Z,2020-03-12T14:03:58Z,5165,330,JavaScript,8229,10281,25681
alex/what-happens-when,2013-11-07T04:30:06Z,2020-03-12T15:33:28Z,105,0,,18,100,25648
preactjs/preact,2015-09-11T02:40:18Z,2020-03-12T16:18:30Z,805,127,JavaScript,1043,1133,25626
proxyee-down-org/proxyee-down,2017-10-25T10:07:27Z,2020-03-12T14:38:05Z,16,49,Java,0,0,25541
ethereum/go-ethereum,2013-12-26T13:05:46Z,2020-03-12T16:19:13Z,3668,124,Go,4440,4724,25522
xitu/gold-miner,2015-11-04T03:29:13Z,2020-03-12T15:07:30Z,2273,0,,4224,4252,25498
apache/spark,2014-02-25T08:00:08Z,2020-03-12T16:26:32Z,3,0,Scala,0,0,25389
kenwheeler/slick,2014-03-24T02:10:05Z,2020-03-12T14:41:54Z,235,48,JavaScript,2312,3285,25272
binhnguyennus/awesome-scalability,2017-12-27T03:46:40Z,2020-03-12T12:06:50Z,18,0,,0,0,25209
jashkenas/underscore,2009-10-25T18:31:06Z,2020-03-12T13:43:51Z,688,0,JavaScript,1276,1347,25203
grpc/grpc,2014-12-08T18:58:53Z,2020-03-12T16:07:51Z,11110,139,C++,7541,8295,25157
JakeWharton/butterknife,2013-03-05T08:18:59Z,2020-03-12T10:27:16Z,339,0,Java,1017,1108,25122
Kong/kong,2014-11-17T23:56:08Z,2020-03-12T15:35:41Z,1911,76,Lua,2548,2841,25080
nestjs/nest,2017-02-04T20:12:52Z,2020-03-12T15:12:52Z,1521,49,TypeScript,2295,2365,25038
shengxinjing/programmer-job-blacklist,2016-06-25T06:09:10Z,2020-03-12T14:05:48Z,16,0,Shell,169,288,24912
zxing/zxing,2011-10-12T14:07:27Z,2020-03-12T13:46:10Z,149,26,Java,977,985,24884
react-boilerplate/react-boilerplate,2015-02-18T14:36:32Z,2020-03-12T15:49:12Z,711,16,JavaScript,1738,1759,24743
vuejs/vue-cli,2015-12-26T23:11:20Z,2020-03-12T15:10:23Z,865,119,JavaScript,3629,4073,24616
aosabook/500lines,2013-11-04T02:02:53Z,2020-03-12T16:11:17Z,175,0,JavaScript,36,61,24604
nylas/nylas-mail,2014-10-16T18:29:12Z,2020-03-12T15:22:54Z,139,53,JavaScript,2411,3421,24504
square/leakcanary,2015-04-29T23:54:16Z,2020-03-12T09:01:06Z,560,22,Kotlin,1076,1108,24458
0voice/interview_internal_reference,2019-06-10T06:54:19Z,2020-03-12T15:43:09Z,32,0,Python,17,30,24427
fffaraz/awesome-cpp,2014-07-17T08:51:11Z,2020-03-12T16:20:45Z,389,0,,148,439,24332
request/request,2011-01-23T01:25:14Z,2020-03-12T14:49:21Z,650,0,JavaScript,1978,2128,24324
select2/select2,2012-03-04T18:43:12Z,2020-03-12T15:49:14Z,641,26,JavaScript,4366,4421,24307
NervJS/taro,2018-04-08T09:32:26Z,2020-03-12T14:34:12Z,635,0,JavaScript,4025,4745,24280
Modernizr/Modernizr,2009-09-25T20:13:23Z,2020-03-11T18:35:28Z,712,14,JavaScript,1245,1401,24238
johnpapa/angular-styleguide,2014-07-29T00:07:51Z,2020-03-12T12:18:52Z,331,0,,361,423,24210
vuetifyjs/vuetify,2016-09-12T00:39:35Z,2020-03-12T15:21:00Z,2110,319,TypeScript,6993,7944,24207
Tencent/weui,2014-12-18T04:09:54Z,2020-03-12T16:19:14Z,164,18,CSS,578,598,24197
getsentry/sentry,2010-08-30T22:06:41Z,2020-03-12T16:12:54Z,12220,53,Python,3068,3934,24195
ant-design/ant-design-pro,2017-08-25T10:40:44Z,2020-03-12T15:59:34Z,717,17,TypeScript,4934,5002,24111
dylanaraps/pure-bash-bible,2018-06-13T01:39:33Z,2020-03-12T07:31:33Z,26,0,Shell,23,45,24068
akullpp/awesome-java,2014-07-09T10:12:43Z,2020-03-12T16:25:31Z,527,0,,93,95,23995
faif/python-patterns,2012-06-06T21:02:35Z,2020-03-12T15:55:35Z,212,0,Python,52,60,23972
pandas-dev/pandas,2010-08-24T01:37:33Z,2020-03-12T14:11:08Z,11026,57,Python,14120,17391,23944
crossoverJie/JCSprout,2017-12-17T09:06:50Z,2020-03-12T16:32:40Z,69,0,Java,57,84,23887
madewithml/practicalAI,2018-11-05T03:44:27Z,2020-03-12T15:29:23Z,132,0,Jupyter Notebook,16,16,23714
houshanren/hangzhou_house_knowledge,2018-02-24T01:54:18Z,2020-03-12T16:02:32Z,4,0,CSS,0,0,23683
google/styleguide,2015-05-20T19:18:59Z,2020-03-12T16:24:23Z,106,0,HTML,75,221,23668
wg/wrk,2012-03-20T11:12:28Z,2020-03-12T15:40:24Z,0,0,C,219,304,23647
nvie/gitflow,2010-01-20T23:14:12Z,2020-03-12T14:22:46Z,36,0,Shell,114,334,23636
apachecn/AiLearning,2017-02-25T08:53:02Z,2020-03-12T13:54:36Z,442,2,Python,52,82,23605
huggingface/transformers,2018-10-29T13:56:00Z,2020-03-12T16:27:48Z,685,23,Python,1902,2295,23538
ZuzooVn/machine-learning-for-software-engineers,2016-10-09T21:20:25Z,2020-03-12T16:27:50Z,53,0,,3,13,23491
yangshun/front-end-interview-handbook,2018-01-13T19:40:08Z,2020-03-12T13:45:08Z,149,0,JavaScript,0,0,23488
localstack/localstack,2016-10-25T23:48:03Z,2020-03-12T15:14:08Z,692,11,Python,1117,1378,23459
fzaninotto/Faker,2011-10-14T22:49:02Z,2020-03-12T16:19:12Z,778,11,PHP,483,534,23409
astaxie/beego,2012-02-29T02:32:08Z,2020-03-12T15:44:02Z,753,5,Go,1902,2669,23405
danielmiessler/SecLists,2012-02-19T01:30:18Z,2020-03-12T14:21:38Z,229,8,PHP,90,96,23405
rethinkdb/rethinkdb,2012-10-30T05:37:47Z,2020-03-12T12:42:11Z,371,68,C++,4839,6231,23353
standard/standard,2015-01-27T01:23:31Z,2020-03-12T12:19:56Z,282,1,JavaScript,958,1058,23321
github/fetch,2014-10-13T00:26:19Z,2020-03-12T15:35:39Z,116,27,JavaScript,486,496,23300
FiloSottile/mkcert,2018-06-25T05:33:03Z,2020-03-12T13:38:12Z,42,11,Go,127,155,23257
ziadoz/awesome-php,2013-11-26T03:14:19Z,2020-03-12T12:26:00Z,349,0,,103,105,23224
carbon-app/carbon,2017-06-16T02:50:28Z,2020-03-12T15:27:35Z,441,155,JavaScript,392,413,23179
angular/angular-cli,2015-06-04T19:49:37Z,2020-03-12T09:32:59Z,4077,258,TypeScript,10851,11461,23107
iview/iview,2016-07-28T01:52:59Z,2020-03-12T16:00:24Z,525,85,Vue,4425,5395,23079
vuejs/vuex,2015-07-16T04:21:26Z,2020-03-12T15:16:13Z,517,33,JavaScript,889,974,23028
nolimits4web/swiper,2012-03-14T19:11:45Z,2020-03-12T13:51:32Z,230,0,JavaScript,2956,3102,23012
mathiasbynens/dotfiles,2011-09-05T18:07:54Z,2020-03-12T14:39:53Z,41,0,Shell,227,351,22969
facebookresearch/Detectron,2017-10-05T17:32:00Z,2020-03-12T15:20:25Z,0,0,Python,596,872,22945
symfony/symfony,2010-01-04T14:21:21Z,2020-03-12T14:50:32Z,13912,223,PHP,12958,13688,22923
CodeHubApp/CodeHub,2013-07-23T22:19:57Z,2020-03-12T16:11:27Z,12,4,C#,383,602,22840
netty/netty,2010-11-09T09:22:21Z,2020-03-12T13:35:51Z,1328,0,Java,4621,4981,22803
pingcap/tidb,2015-09-06T04:01:52Z,2020-03-12T16:11:27Z,10000,87,Go,2690,3968,22779
Marak/faker.js,2010-05-15T00:53:07Z,2020-03-12T15:24:35Z,189,0,JavaScript,237,420,22747
herrbischoff/awesome-macos-command-line,2015-09-22T19:37:55Z,2020-03-12T16:32:58Z,91,0,,0,0,22715
strapi/strapi,2015-09-30T15:34:48Z,2020-03-12T16:24:18Z,1935,126,JavaScript,2971,3183,22618
freeCodeCamp/devdocs,2013-10-24T18:16:07Z,2020-03-12T15:37:49Z,128,0,Ruby,715,798,22528
dkhamsing/open-source-ios-apps,2015-01-26T23:32:34Z,2020-03-12T15:13:09Z,529,32,Swift,198,199,22527
composer/composer,2011-06-08T08:53:00Z,2020-03-12T13:23:28Z,1920,69,PHP,5476,5813,22514
jiahaog/nativefier,2015-07-05T05:56:42Z,2020-03-12T13:04:30Z,135,30,JavaScript,566,736,22503
IanLunn/Hover,2014-01-02T14:27:35Z,2020-03-12T16:24:47Z,22,10,CSS,79,96,22473
iina/iina,2016-12-19T07:18:45Z,2020-03-12T14:24:46Z,357,30,Swift,1440,2221,22468
SDWebImage/SDWebImage,2009-09-21T17:39:19Z,2020-03-12T10:50:44Z,695,77,Objective-C,1849,1866,22464
raywenderlich/swift-algorithm-club,2016-01-26T17:56:12Z,2020-03-12T13:18:45Z,585,0,Swift,173,179,22451
jakevdp/PythonDataScienceHandbook,2016-08-10T14:24:36Z,2020-03-12T15:48:05Z,28,0,Jupyter Notebook,44,103,22377
danielgindi/Charts,2015-03-20T10:49:12Z,2020-03-12T13:49:59Z,363,30,Swift,3096,3570,22368
postcss/postcss,2013-09-24T23:06:48Z,2020-03-12T16:27:09Z,565,147,JavaScript,616,632,22288
greenrobot/EventBus,2012-07-16T16:55:40Z,2020-03-12T14:30:09Z,29,5,Java,424,514,22256
transloadit/uppy,2015-11-16T12:32:33Z,2020-03-12T16:04:42Z,976,23,JavaScript,953,1046,22215
harvesthq/chosen,2011-04-18T15:07:41Z,2020-03-11T22:32:41Z,309,34,HTML,2105,2323,22211
gitlabhq/gitlabhq,2011-10-02T16:25:27Z,2020-03-12T15:11:09Z,2227,0,Ruby,0,0,22193
Alvin9999/new-pac,2016-03-23T08:43:36Z,2020-03-12T16:23:39Z,0,0,,667,825,22140
fxsjy/jieba,2012-09-29T07:52:01Z,2020-03-12T13:32:09Z,96,9,Python,184,673,22127
GitbookIO/gitbook,2014-03-31T03:01:56Z,2020-03-12T16:07:50Z,214,0,JavaScript,0,0,22088
lib-pku/libpku,2018-11-22T13:33:06Z,2020-03-12T11:02:58Z,22,0,TeX,30,31,22066
TheAlgorithms/Java,2016-07-16T10:21:02Z,2020-03-12T16:12:36Z,376,0,Java,109,142,22042
istio/istio,2016-11-18T23:57:21Z,2020-03-12T15:28:22Z,9424,116,Go,7810,8880,22021
ngosang/trackerslist,2016-04-24T11:57:57Z,2020-03-12T16:32:23Z,1,0,,197,200,21972
google-research/bert,2018-10-25T22:57:34Z,2020-03-12T15:34:45Z,32,0,Python,294,881,21907
brillout/awesome-react-components,2016-06-24T15:19:33Z,2020-03-12T13:59:12Z,125,0,,35,35,21773
serhii-londar/open-source-mac-os-apps,2017-11-03T02:35:33Z,2020-03-12T15:40:41Z,348,0,Swift,107,124,21721
markedjs/marked,2011-07-24T13:15:51Z,2020-03-12T15:16:15Z,322,18,JavaScript,880,954,21676
lerna/lerna,2015-12-04T09:36:55Z,2020-03-12T15:37:06Z,562,165,JavaScript,1382,1703,21672
date-fns/date-fns,2014-10-06T10:24:22Z,2020-03-12T15:49:04Z,574,74,JavaScript,694,852,21618
cheeriojs/cheerio,2011-10-09T04:23:20Z,2020-03-12T14:44:06Z,278,2,JavaScript,717,928,21474
mobxjs/mobx,2015-03-14T14:31:38Z,2020-03-12T07:27:50Z,704,1,JavaScript,1449,1482,21466
skylot/jadx,2013-03-18T17:08:21Z,2020-03-12T13:08:36Z,202,13,Java,509,635,21465
webtorrent/webtorrent,2013-10-15T08:16:40Z,2020-03-12T14:11:07Z,379,0,JavaScript,1153,1289,21441
emberjs/ember.js,2011-05-25T23:39:40Z,2020-03-12T12:06:03Z,7094,301,JavaScript,5932,6199,21414
Polymer/polymer,2012-08-23T20:56:30Z,2020-03-12T03:16:25Z,1046,113,HTML,3626,3880,21381
iikira/BaiduPCS-Go,2017-11-30T05:09:26Z,2020-03-12T16:08:19Z,12,24,Go,733,851,21363
ReactiveX/rxjs,2015-03-15T06:17:10Z,2020-03-12T13:51:23Z,1705,0,TypeScript,2190,2512,21306
sequelize/sequelize,2010-07-22T07:11:11Z,2020-03-12T15:52:14Z,2486,321,JavaScript,7634,8421,21306
pi-hole/pi-hole,2014-06-08T15:02:55Z,2020-03-12T15:46:24Z,1026,57,Shell,1600,1709,21277
balderdashy/sails,2012-03-18T19:46:15Z,2020-03-12T13:57:17Z,501,35,JavaScript,5763,6101,21221
ajaxorg/ace,2010-10-27T10:43:36Z,2020-03-12T01:43:23Z,1300,0,JavaScript,1802,2446,21183
VincentGarreau/particles.js,2014-09-06T14:29:47Z,2020-03-12T13:37:52Z,21,6,JavaScript,70,327,21177
hashicorp/terraform,2014-03-13T22:25:48Z,2020-03-12T16:09:54Z,7965,114,Go,13049,14273,21172
sentsin/layui,2015-09-22T08:12:03Z,2020-03-12T14:15:55Z,31,39,JavaScript,72,468,21116
hammerjs/hammer.js,2012-03-02T12:58:28Z,2020-03-12T16:33:13Z,114,0,JavaScript,752,1000,21097
ityouknow/spring-boot-examples,2016-11-05T05:32:33Z,2020-03-12T16:19:11Z,4,0,Java,73,94,21085
geekcompany/ResumeSample,2014-09-08T08:08:13Z,2020-03-12T14:30:59Z,2,0,,0,0,21083
jaredpalmer/formik,2017-06-14T19:50:59Z,2020-03-12T14:36:16Z,576,131,TypeScript,1071,1524,21060
alacritty/alacritty,2016-02-18T05:02:30Z,2020-03-12T16:17:06Z,889,28,Rust,1952,2300,21044
naptha/tesseract.js,2015-06-24T02:49:52Z,2020-03-12T13:55:52Z,68,27,JavaScript,327,340,21014
VundleVim/Vundle.vim,2010-10-17T23:17:53Z,2020-03-12T03:53:51Z,86,0,Vim script,529,678,20973
amix/vimrc,2012-05-29T16:19:29Z,2020-03-12T14:38:40Z,65,0,Vim script,386,399,20840
0xAX/linux-insides,2015-01-03T18:44:57Z,2020-03-12T09:14:35Z,486,0,Python,119,153,20834
Homebrew/brew,2016-03-06T05:08:38Z,2020-03-12T13:45:02Z,4022,132,Ruby,2402,2418,20820
alibaba/fastjson,2011-11-03T06:58:52Z,2020-03-12T16:24:16Z,298,72,Java,1295,2548,20797
terryum/awesome-deep-learning-papers,2016-06-03T06:48:30Z,2020-03-12T16:28:09Z,39,0,TeX,11,23,20795
ycm-core/YouCompleteMe,2012-04-16T03:12:14Z,2020-03-12T06:06:26Z,619,0,Python,2785,2808,20769
StreisandEffect/streisand,2014-03-23T21:56:19Z,2020-03-12T12:29:46Z,524,0,Shell,920,1084,20733
facebookresearch/fastText,2016-07-16T13:38:42Z,2020-03-12T16:24:01Z,7,3,HTML,559,821,20719
tabler/tabler,2018-02-01T09:08:59Z,2020-03-12T14:41:54Z,141,5,HTML,214,272,20707
minio/minio,2015-01-14T19:23:58Z,2020-03-12T14:47:44Z,4630,140,Go,3763,3850,20663
CamDavidsonPilon/Probabilistic-Programming-and-Bayesian-Methods-for-Hackers,2013-01-14T15:46:28Z,2020-03-12T16:10:45Z,231,0,Jupyter Notebook,80,202,20660
drone/drone,2014-02-07T07:54:44Z,2020-03-12T15:12:00Z,829,0,Go,1663,1692,20652
heartcombo/devise,2009-09-16T12:15:12Z,2020-03-12T15:33:31Z,718,14,Ruby,3879,3918,20627
pure-css/pure,2013-04-22T16:16:39Z,2020-03-12T15:00:51Z,132,17,HTML,503,524,20623
tailwindcss/tailwindcss,2017-10-06T14:59:14Z,2020-03-12T15:38:36Z,557,62,CSS,639,681,20610
t4t5/sweetalert,2014-09-30T11:12:48Z,2020-03-12T07:16:07Z,82,13,TypeScript,535,654,20570
unknwon/the-way-to-go_ZH_CN,2013-03-24T17:18:38Z,2020-03-12T16:17:41Z,520,0,Go,0,0,20565
alibaba/p3c,2017-06-23T06:15:51Z,2020-03-12T16:34:32Z,53,0,Kotlin,508,558,20561
rstacruz/nprogress,2013-08-20T13:58:02Z,2020-03-12T16:10:11Z,31,0,JavaScript,45,131,20519
laravel/framework,2013-01-10T21:27:28Z,2020-03-12T15:43:05Z,9358,194,PHP,13243,13334,20493
tootsuite/mastodon,2016-02-22T15:01:25Z,2020-03-12T02:45:32Z,6789,138,Ruby,3837,5328,20492
realpython/python-guide,2011-03-15T03:24:20Z,2020-03-12T14:42:32Z,649,0,Batchfile,151,246,20479
facebook/flow,2014-10-28T17:17:45Z,2020-03-12T09:22:13Z,158,168,OCaml,3850,6255,20472
alibaba/druid,2011-11-03T05:12:51Z,2020-03-12T16:05:21Z,864,33,Java,1048,2698,20466
cmderdev/cmder,2013-07-09T07:44:22Z,2020-03-12T14:40:58Z,297,25,C++,1817,1830,20384
fouber/blog,2014-04-25T09:44:42Z,2020-03-12T13:57:55Z,1,0,,28,39,20377
Automattic/mongoose,2010-04-06T21:39:05Z,2020-03-12T15:29:26Z,1040,5,JavaScript,6883,7168,20372
elsewhencode/project-guidelines,2017-06-30T10:17:55Z,2020-03-12T15:40:06Z,100,0,JavaScript,24,36,20301
kelseyhightower/kubernetes-the-hard-way,2016-07-07T14:15:27Z,2020-03-12T16:11:24Z,67,0,,265,288,20296
remy/nodemon,2010-10-03T12:50:52Z,2020-03-12T16:30:23Z,256,68,JavaScript,1254,1262,20151
SheetJS/sheetjs,2012-12-03T19:25:52Z,2020-03-12T14:23:24Z,48,0,JavaScript,1243,1564,20127
google/leveldb,2014-08-27T21:17:52Z,2020-03-12T15:53:39Z,27,20,C++,462,562,20121
FezVrasta/bootstrap-material-design,2014-08-18T11:54:00Z,2020-03-11T14:28:32Z,192,27,CSS,1027,1079,20116
scwang90/SmartRefreshLayout,2017-06-02T09:52:50Z,2020-03-12T13:02:03Z,6,7,Java,1010,1096,20090
airbnb/lottie-web,2015-02-20T21:02:59Z,2020-03-12T08:34:16Z,71,0,JavaScript,1442,1929,20060
ryanoasis/nerd-fonts,2014-12-05T04:31:17Z,2020-03-12T16:18:22Z,103,20,CSS,209,325,20025
alibaba/flutter-go,2019-01-08T09:03:40Z,2020-03-12T15:44:05Z,158,4,Dart,172,302,19994
redux-saga/redux-saga,2015-11-29T16:58:12Z,2020-03-12T14:16:06Z,615,50,JavaScript,1151,1294,19977
NationalSecurityAgency/ghidra,2019-03-01T03:27:48Z,2020-03-12T16:12:40Z,130,0,Java,778,1310,19972
kriasoft/react-starter-kit,2014-04-16T13:08:18Z,2020-03-12T14:12:50Z,468,5,JavaScript,706,1142,19968
akveo/ngx-admin,2016-05-25T10:09:03Z,2020-03-12T13:13:43Z,255,14,TypeScript,1244,1500,19949
openai/gym,2016-04-27T14:59:16Z,2020-03-12T15:19:43Z,489,5,Python,989,1063,19932
littlecodersh/ItChat,2016-01-19T07:49:48Z,2020-03-12T14:22:35Z,29,13,Python,588,798,19929
eugenp/tutorials,2013-04-29T18:26:36Z,2020-03-12T15:27:31Z,6028,0,Java,343,353,19913
Tencent/wepy,2016-11-14T08:06:56Z,2020-03-12T12:59:10Z,387,0,JavaScript,1691,1992,19870
rapid7/metasploit-framework,2011-08-30T06:13:20Z,2020-03-12T15:52:05Z,7613,0,Ruby,2993,3640,19856
niklasvh/html2canvas,2011-07-16T01:05:58Z,2020-03-12T16:05:06Z,103,26,TypeScript,1302,1840,19841
facebookarchive/pop,2014-03-30T22:29:12Z,2020-03-12T13:27:37Z,100,3,Objective-C++,211,256,19838
ctripcorp/apollo,2016-03-04T10:24:23Z,2020-03-12T16:06:24Z,869,22,Java,1772,1909,19786
sorrycc/awesome-javascript,2014-07-01T15:59:02Z,2020-03-12T14:08:57Z,273,0,,54,71,19780
pypa/pipenv,2017-01-20T00:44:02Z,2020-03-12T14:28:50Z,910,6,Python,2588,2954,19779
metabase/metabase,2015-02-02T19:25:47Z,2020-03-12T15:47:07Z,4503,106,Clojure,4816,6862,19763
ReactiveCocoa/ReactiveCocoa,2012-03-02T22:11:24Z,2020-03-12T15:16:51Z,1335,76,Swift,1945,1989,19748
Reactive-Extensions/RxJS,2012-01-07T00:31:41Z,2020-03-11T19:27:45Z,520,34,JavaScript,643,874,19739
dimsemenov/PhotoSwipe,2011-04-07T05:46:29Z,2020-03-12T10:38:15Z,49,11,JavaScript,1013,1505,19726
mbeaudru/modern-js-cheatsheet,2017-09-18T14:56:00Z,2020-03-12T14:08:15Z,79,0,,36,42,19724
alibaba/arthas,2018-08-29T17:15:57Z,2020-03-12T16:05:01Z,153,11,Java,685,792,19718
codemirror/CodeMirror,2011-01-14T13:44:03Z,2020-03-12T06:54:31Z,355,127,JavaScript,3274,3601,19716
ggreer/the_silver_searcher,2011-11-19T19:50:47Z,2020-03-12T07:44:23Z,382,0,C,384,726,19694
gorhill/uBlock,2015-04-01T17:51:11Z,2020-03-12T14:38:33Z,121,155,JavaScript,3376,3449,19675
railsware/upterm,2015-03-22T07:00:24Z,2020-03-12T13:14:22Z,293,187,TypeScript,534,753,19650
bevacqua/dragula,2015-04-13T21:35:38Z,2020-03-12T07:56:00Z,57,0,JavaScript,288,466,19649
google/iosched,2014-04-01T22:40:40Z,2020-03-12T10:35:54Z,53,2,Kotlin,170,199,19633
syl20bnr/spacemacs,2012-12-17T21:34:03Z,2020-03-12T15:36:38Z,544,158,Emacs Lisp,4925,7220,19588
kahun/awesome-sysadmin,2014-02-09T22:39:20Z,2020-03-12T14:22:51Z,183,0,,20,92,19587
hashicorp/vagrant,2010-01-21T08:34:27Z,2020-03-12T13:08:15Z,2143,0,Ruby,7838,8306,19571
SortableJS/Sortable,2013-12-19T10:10:13Z,2020-03-12T14:13:44Z,213,21,JavaScript,1137,1344,19567
microsoft/calculator,2019-01-28T17:55:49Z,2020-03-12T15:22:16Z,424,0,C++,346,506,19548
Meituan-Dianping/mpvue,2018-03-07T03:09:25Z,2020-03-12T16:03:26Z,64,19,JavaScript,1248,1643,19511
angular/components,2016-01-04T18:50:02Z,2020-03-12T13:10:42Z,6715,130,TypeScript,8545,10611,19487
satwikkansal/wtfpython,2017-08-28T20:22:19Z,2020-03-12T11:44:29Z,67,2,Python,80,98,19483
JedWatson/react-select,2014-08-26T04:27:45Z,2020-03-12T16:08:53Z,798,11,JavaScript,1327,2609,19472
vim/vim,2015-08-18T21:03:56Z,2020-03-12T16:17:55Z,3,0,Vim script,2606,3494,19467
CymChad/BaseRecyclerViewAdapterHelper,2016-04-10T07:40:11Z,2020-03-12T13:28:31Z,190,188,Java,2737,2813,19432
SwiftyJSON/SwiftyJSON,2014-06-18T14:41:15Z,2020-03-12T11:50:34Z,213,21,Swift,557,640,19376
LisaDziuba/Awesome-Design-Tools,2019-02-12T13:55:30Z,2020-03-12T09:25:17Z,256,0,JavaScript,21,22,19356
ocornut/imgui,2014-07-21T14:29:47Z,2020-03-12T15:35:53Z,235,64,C++,2038,2425,19347
ovity/octotree,2014-05-09T18:15:20Z,2020-03-12T09:26:36Z,225,0,JavaScript,497,544,19342
donnemartin/interactive-coding-challenges,2015-04-28T21:36:39Z,2020-03-12T15:58:18Z,161,0,Python,29,52,19333
GoogleChrome/lighthouse,2016-03-08T01:03:11Z,2020-03-12T13:44:18Z,2947,53,JavaScript,6235,6614,19242
SwiftGGTeam/the-swift-programming-language-in-chinese,2014-06-03T04:44:09Z,2020-03-12T15:07:19Z,630,1,CSS,320,320,19232
sindresorhus/awesome-electron,2015-04-23T11:48:53Z,2020-03-12T15:02:19Z,230,0,,35,44,19230
wagoodman/dive,2018-05-13T15:44:01Z,2020-03-12T14:08:52Z,102,23,Go,132,177,19230
Netflix/Hystrix,2012-11-19T20:14:46Z,2020-03-12T12:44:29Z,672,79,Java,671,993,19228
github/hub,2009-12-05T22:15:25Z,2020-03-12T12:25:37Z,382,60,Go,1479,1662,19205
microsoft/monaco-editor,2016-06-07T16:56:31Z,2020-03-12T16:02:08Z,76,0,JavaScript,1395,1695,19198
rclone/rclone,2014-03-16T16:19:57Z,2020-03-12T16:22:27Z,616,64,Go,2453,3112,19185
byoungd/English-level-up-tips-for-Chinese,2017-05-30T07:18:52Z,2020-03-12T13:28:22Z,19,0,,42,52,19184
BradLarson/GPUImage,2012-02-13T15:20:02Z,2020-03-12T10:02:47Z,241,3,Objective-C,1296,2197,19129
airbnb/lottie-ios,2016-10-06T22:38:38Z,2020-03-12T12:36:28Z,290,38,Swift,667,776,19125
mochajs/mocha,2011-03-07T18:44:25Z,2020-03-12T16:20:42Z,923,45,JavaScript,2216,2468,19089
reduxjs/react-redux,2015-07-11T17:32:01Z,2020-03-12T16:08:58Z,330,90,JavaScript,998,1018,19071
pugjs/pug,2010-06-23T01:05:42Z,2020-03-12T12:49:08Z,473,4,JavaScript,2195,2402,19066
tipsy/profile-summary-for-github,2017-12-10T13:29:15Z,2020-03-12T08:00:06Z,20,0,Vue,54,65,19028
ageron/handson-ml,2016-02-16T19:48:39Z,2020-03-12T15:34:58Z,46,0,Jupyter Notebook,383,472,18997
koalaman/shellcheck,2012-11-17T03:15:11Z,2020-03-12T14:18:02Z,189,24,Haskell,1095,1615,18992
petkaantonov/bluebird,2013-09-07T19:39:57Z,2020-03-12T03:28:55Z,284,123,JavaScript,1053,1108,18974
markerikson/react-redux-links,2016-01-22T02:10:28Z,2020-03-12T05:19:57Z,58,0,,21,32,18974
usablica/intro.js,2013-03-10T15:12:45Z,2020-03-12T09:19:56Z,139,18,HTML,369,579,18969
dcloudio/uni-app,2018-07-12T08:52:39Z,2020-03-12T15:36:54Z,87,0,JavaScript,943,1290,18963
nefe/You-Dont-Need-jQuery,2015-11-21T16:02:26Z,2020-03-12T14:56:28Z,158,1,JavaScript,57,63,18949
aria2/aria2,2010-11-27T09:41:48Z,2020-03-12T09:10:15Z,193,22,C++,637,1308,18941
guzzle/guzzle,2011-02-28T02:44:05Z,2020-03-12T10:29:24Z,706,32,PHP,1345,1559,18939
cypress-io/cypress,2015-03-04T00:46:28Z,2020-03-12T15:58:12Z,1298,199,JavaScript,3810,4950,18915
docker/compose,2013-12-09T11:40:58Z,2020-03-12T16:19:13Z,1813,123,Python,4492,4767,18914
tornadoweb/tornado,2009-09-09T04:55:16Z,2020-03-12T14:09:53Z,734,0,Python,1371,1537,18874
FallibleInc/security-guide-for-developers,2016-06-08T15:56:25Z,2020-03-12T13:53:58Z,26,0,,4,11,18860
alebcay/awesome-shell,2014-07-07T01:57:42Z,2020-03-12T11:44:28Z,274,0,,16,35,18836
ReactiveX/RxAndroid,2014-08-19T03:46:38Z,2020-03-12T10:34:46Z,164,18,Java,332,332,18834
go-gitea/gitea,2016-11-01T02:13:26Z,2020-03-12T15:09:46Z,4830,85,Go,3826,5057,18832
julycoding/The-Art-Of-Programming-By-July,2013-12-14T10:00:06Z,2020-03-12T16:02:58Z,254,0,C,82,127,18828
ColorlibHQ/gentelella,2015-05-15T06:57:27Z,2020-03-12T14:58:37Z,158,7,HTML,604,611,18827
agalwood/Motrix,2018-12-18T11:45:05Z,2020-03-12T15:33:38Z,68,6,JavaScript,277,483,18819
dokku/dokku,2013-06-08T10:26:57Z,2020-03-12T16:13:43Z,1672,156,Shell,1940,1969,18813
matteocrippa/awesome-swift,2014-07-10T14:04:09Z,2020-03-12T12:36:32Z,1244,0,Swift,110,110,18806
emscripten-core/emscripten,2011-02-12T05:23:30Z,2020-03-12T14:23:39Z,4413,0,C++,4492,5109,18714
futurice/android-best-practices,2014-07-29T09:09:44Z,2020-03-12T06:54:36Z,80,0,,61,83,18705
BurntSushi/ripgrep,2016-03-11T02:02:33Z,2020-03-12T16:33:11Z,360,61,Rust,967,1024,18670
SamyPesse/How-to-Make-a-Computer-Operating-System,2013-11-29T17:36:32Z,2020-03-12T15:02:26Z,42,1,C,24,62,18657
MrRio/jsPDF,2009-12-06T14:56:32Z,2020-03-12T16:30:43Z,569,23,JavaScript,1471,1653,18654
hashicorp/consul,2013-11-04T22:15:27Z,2020-03-12T13:10:08Z,3201,0,Go,3086,3618,18636
powerline/fonts,2012-12-19T13:31:50Z,2020-03-12T15:30:29Z,72,1,Shell,80,218,18627
FFmpeg/FFmpeg,2011-04-14T14:12:38Z,2020-03-12T16:33:24Z,15,11,C,0,0,18609
formulahendry/955.WLB,2019-03-27T23:53:37Z,2020-03-12T04:44:08Z,15,0,,59,180,18608
paularmstrong/normalizr,2014-08-20T08:41:38Z,2020-03-12T15:26:01Z,89,24,JavaScript,261,275,18606
google/web-starter-kit,2014-04-07T08:45:18Z,2020-03-12T16:14:25Z,234,14,HTML,533,580,18581
dmlc/xgboost,2014-02-06T17:28:03Z,2020-03-12T13:39:53Z,1724,19,C++,3094,3286,18549
enzymejs/enzyme,2015-11-10T21:45:38Z,2020-03-12T10:30:07Z,618,0,JavaScript,1395,1592,18537
pyenv/pyenv,2012-08-31T06:57:52Z,2020-03-12T14:38:20Z,384,24,Shell,880,1053,18508
jlmakes/scrollreveal,2014-01-16T17:37:20Z,2020-03-12T11:01:03Z,31,0,JavaScript,439,448,18496
atlassian/react-beautiful-dnd,2017-08-09T03:37:15Z,2020-03-12T16:12:20Z,463,66,JavaScript,835,992,18495
influxdata/influxdb,2013-09-26T14:31:10Z,2020-03-12T16:00:31Z,6523,29,Go,8891,9497,18468
domnikl/DesignPatternsPHP,2011-08-22T05:24:31Z,2020-03-12T13:53:24Z,219,0,PHP,86,89,18450
apache/incubator-mxnet,2015-04-30T16:21:15Z,2020-03-12T13:35:30Z,7128,20,Python,7099,8691,18448
bvaughn/react-virtualized,2015-11-03T00:48:07Z,2020-03-12T14:47:24Z,430,0,JavaScript,679,940,18406
ramda/ramda,2013-06-21T20:32:35Z,2020-03-12T13:31:44Z,1166,23,JavaScript,1243,1420,18400
Prinzhorn/skrollr,2012-03-18T15:41:35Z,2020-03-12T08:11:02Z,35,0,HTML,533,776,18392
jobbole/awesome-python-cn,2015-11-03T09:50:50Z,2020-03-12T16:22:13Z,43,0,Makefile,9,10,18380
jgm/pandoc,2010-03-20T20:34:23Z,2020-03-12T13:05:09Z,954,78,Haskell,4338,4867,18363
chubin/cheat.sh,2017-05-07T21:40:56Z,2020-03-12T16:18:01Z,58,0,Python,50,108,18355
hankcs/HanLP,2014-10-09T06:36:16Z,2020-03-12T15:00:02Z,59,49,Python,1330,1336,18352
sharkdp/bat,2018-04-21T10:52:23Z,2020-03-12T16:29:36Z,332,19,Rust,459,487,18292
NativeScript/NativeScript,2015-03-01T09:47:08Z,2020-03-12T14:02:16Z,2480,48,TypeScript,4926,5530,18273
verekia/js-stack-from-scratch,2016-10-02T13:31:23Z,2020-03-12T12:17:58Z,55,1,JavaScript,118,156,18250
vapor/vapor,2016-01-18T22:37:52Z,2020-03-12T12:41:03Z,825,287,Swift,1116,1197,18237
inconshreveable/ngrok,2013-03-20T09:37:43Z,2020-03-12T15:18:22Z,34,0,Go,368,574,18215
PowerShell/PowerShell,2016-01-13T23:41:35Z,2020-03-12T16:30:34Z,4019,67,C#,4769,7121,18192
react-native-elements/react-native-elements,2016-09-08T14:21:41Z,2020-03-12T16:26:21Z,644,52,JavaScript,1286,1385,18188
postcss/autoprefixer,2013-03-14T05:04:51Z,2020-03-12T15:43:36Z,232,146,JavaScript,983,1003,18185
segmentio/nightmare,2014-04-05T22:19:51Z,2020-03-12T10:20:37Z,251,1,JavaScript,1055,1203,18178
googlehosts/hosts,2017-08-05T16:10:32Z,2020-03-12T16:23:29Z,50,0,,328,373,18160
doczjs/docz,2018-03-17T04:24:10Z,2020-03-12T13:10:16Z,333,124,TypeScript,919,992,18157
mitmproxy/mitmproxy,2010-02-16T04:10:13Z,2020-03-12T15:10:46Z,1409,31,Python,1876,2115,18146
donnemartin/data-science-ipython-notebooks,2015-01-23T19:38:29Z,2020-03-12T13:07:26Z,31,0,Python,18,25,18118
HeroTransitions/Hero,2016-11-24T18:49:37Z,2020-03-12T15:31:04Z,88,35,Swift,370,536,18093
ReactiveX/RxSwift,2015-04-07T21:25:17Z,2020-03-12T13:50:23Z,664,63,Swift,1008,1030,18068
typicode/husky,2014-06-23T12:14:21Z,2020-03-12T16:20:38Z,128,31,JavaScript,354,469,18031
bcit-ci/CodeIgniter,2011-08-19T13:34:00Z,2020-03-12T13:36:15Z,1265,0,PHP,3035,3086,18031
chenglou/react-motion,2015-06-11T07:38:23Z,2020-03-12T13:43:38Z,144,4,JavaScript,241,386,17998
wsargent/docker-cheat-sheet,2014-08-05T20:04:20Z,2020-03-12T15:11:55Z,123,0,,20,25,17970
ftlabs/fastclick,2012-02-13T08:38:00Z,2020-03-12T16:25:45Z,67,3,HTML,179,388,17961
junegunn/vim-plug,2013-09-10T14:58:51Z,2020-03-12T13:03:18Z,137,4,Vim script,688,728,17960
typeorm/typeorm,2016-02-29T07:41:14Z,2020-03-12T15:58:20Z,895,0,TypeScript,2970,4420,17902
cockroachdb/cockroach,2014-02-06T00:18:47Z,2020-03-12T16:30:42Z,20798,17,Go,20277,23183,17900
dotnet/corefx,2014-11-06T23:42:48Z,2020-03-12T16:00:00Z,21635,88,,0,0,17891
ruanyf/es6tutorial,2014-04-20T13:06:28Z,2020-03-12T14:07:41Z,319,0,JavaScript,457,457,17764
3b1b/manim,2015-03-22T18:50:58Z,2020-03-12T15:56:57Z,332,0,Python,322,481,17755
rollup/rollup,2015-05-14T22:26:28Z,2020-03-12T13:54:07Z,1039,136,JavaScript,2013,2179,17736
mattermost/mattermost-server,2015-06-15T06:50:02Z,2020-03-12T15:33:31Z,8368,186,Go,4146,4478,17717
fighting41love/funNLP,2018-08-21T11:20:39Z,2020-03-12T16:14:47Z,9,0,Python,19,19,17677
avajs/ava,2014-11-18T17:20:26Z,2020-03-12T14:47:32Z,794,65,JavaScript,1165,1319,17669
nlohmann/json,2013-07-04T08:47:49Z,2020-03-12T16:27:35Z,288,31,C++,1494,1530,17668
kataras/iris,2016-01-30T04:36:48Z,2020-03-12T16:26:15Z,146,26,Go,502,510,17665
SnapKit/Masonry,2013-07-22T01:15:48Z,2020-03-12T09:02:28Z,75,1,Objective-C,327,435,17664
kubernetes/minikube,2016-04-15T22:38:35Z,2020-03-12T15:05:28Z,2787,81,Go,3350,3765,17657
nagadomi/waifu2x,2015-05-17T07:29:15Z,2020-03-12T15:47:38Z,61,3,Lua,157,260,17641
react-navigation/react-navigation,2017-01-26T19:51:40Z,2020-03-12T14:39:36Z,758,166,TypeScript,6274,6502,17639
Popmotion/popmotion,2014-08-17T16:23:07Z,2020-03-12T15:00:39Z,288,0,JavaScript,532,538,17597
facebook/draft-js,2016-02-19T20:18:26Z,2020-03-12T16:17:43Z,212,23,JavaScript,878,1465,17596
mongodb/mongo,2009-01-15T16:15:18Z,2020-03-12T16:24:46Z,114,0,C++,0,0,17592
alibaba/weex,2016-03-11T10:18:11Z,2020-03-12T14:41:41Z,1083,6,,1310,1845,17581
Advanced-Frontend/Daily-Interview-Question,2019-01-19T10:49:00Z,2020-03-12T15:25:35Z,14,0,JavaScript,168,325,17580
feathericons/feather,2014-05-28T19:49:55Z,2020-03-12T16:07:43Z,87,48,JavaScript,186,444,17559
MostlyAdequate/mostly-adequate-guide,2015-05-06T01:44:15Z,2020-03-12T15:42:31Z,260,0,JavaScript,181,218,17476
trailofbits/algo,2016-05-15T03:42:48Z,2020-03-12T13:09:37Z,420,2,Python,1158,1231,17465
jinzhu/gorm,2013-10-25T08:31:38Z,2020-03-12T16:11:37Z,333,10,Go,1756,2342,17460
google/gson,2015-03-19T18:21:20Z,2020-03-12T09:38:32Z,201,0,Java,843,1244,17457
liyasthomas/postwoman,2019-08-21T13:15:24Z,2020-03-12T15:47:26Z,361,5,Vue,221,232,17456
xi-editor/xi-editor,2016-04-26T23:03:23Z,2020-03-12T15:51:53Z,622,0,Rust,380,502,17436
abhat222/Data-Science--Cheat-Sheet,2019-03-13T09:59:33Z,2020-03-12T16:24:45Z,13,0,TeX,6,15,17435
ipfs/ipfs,2014-02-11T07:28:24Z,2020-03-12T15:25:12Z,111,0,,191,223,17403
jcjohnson/neural-style,2015-09-01T04:55:14Z,2020-03-12T12:40:46Z,16,0,Lua,141,434,17384
fastai/fastai,2017-09-09T17:43:36Z,2020-03-12T15:26:45Z,1160,0,Jupyter Notebook,1003,1003,17378
square/picasso,2013-05-14T15:07:47Z,2020-03-12T12:03:21Z,469,6,Java,1315,1493,17366
afollestad/material-dialogs,2014-11-03T03:21:42Z,2020-03-12T15:31:30Z,176,92,Kotlin,1129,1155,17364
MunGell/awesome-for-beginners,2015-10-24T19:53:36Z,2020-03-12T16:31:17Z,244,0,,52,52,17355
tj/commander.js,2011-08-14T21:33:58Z,2020-03-12T13:26:34Z,357,42,JavaScript,599,639,17334
dhg/Skeleton,2011-04-30T20:04:24Z,2020-03-12T02:20:17Z,25,6,CSS,122,193,17332
veggiemonk/awesome-docker,2014-09-21T17:01:48Z,2020-03-12T16:04:22Z,663,1,,94,94,17332
cfenollosa/os-tutorial,2014-09-29T08:39:34Z,2020-03-12T10:00:24Z,11,0,C,47,71,17320
bilibili/flv.js,2016-05-12T08:34:31Z,2020-03-12T15:53:37Z,16,12,JavaScript,252,499,17292
nsqio/nsq,2012-05-12T14:37:08Z,2020-03-12T11:38:55Z,605,29,Go,466,512,17291
ruanyf/jstraining,2016-10-27T12:00:26Z,2020-03-12T11:43:33Z,17,0,,41,41,17236
jorgebucaran/hyperapp,2017-01-20T05:20:21Z,2020-03-12T16:13:04Z,233,26,JavaScript,498,507,17236
parse-community/parse-server,2016-01-28T18:29:14Z,2020-03-12T07:54:32Z,2273,75,JavaScript,3493,3575,17232
swagger-api/swagger-ui,2011-07-15T22:56:39Z,2020-03-12T15:47:00Z,1255,139,JavaScript,3499,3982,17192
react-bootstrap/react-bootstrap,2013-12-27T19:06:07Z,2020-03-12T15:54:32Z,1961,3,JavaScript,2502,2591,17191
npm/npm,2009-09-29T17:21:24Z,2020-03-12T13:27:08Z,439,261,,16503,18670,17182
balena-io/etcher,2015-10-27T16:53:23Z,2020-03-12T13:55:45Z,1524,105,TypeScript,1157,1375,17165
SeleniumHQ/selenium,2013-01-14T21:40:56Z,2020-03-12T13:59:17Z,448,27,Java,5837,6296,17121
openfaas/faas,2016-12-22T12:51:39Z,2020-03-12T14:03:17Z,585,123,Go,600,662,17112
lukasz-madon/awesome-remote-job,2015-01-02T00:31:34Z,2020-03-12T16:25:00Z,439,0,,33,35,17100
Seldaek/monolog,2011-02-17T02:07:15Z,2020-03-12T10:22:00Z,550,36,PHP,561,606,17097
jaredhanson/passport,2011-10-08T22:38:32Z,2020-03-12T05:54:53Z,44,0,JavaScript,322,636,17073
JohnCoates/Aerial,2015-10-26T21:21:31Z,2020-03-12T15:54:37Z,183,93,Swift,658,686,17021
kelthuzadx/hosts,2014-07-04T01:05:27Z,2020-03-12T08:49:19Z,286,2,Rascal,888,891,17005
OAI/OpenAPI-Specification,2014-03-03T16:53:36Z,2020-03-12T15:04:42Z,573,7,,985,1404,16997
davideuler/architecture.of.internet-product,2018-04-30T10:25:31Z,2020-03-12T14:09:49Z,1,0,,3,10,16952
keon/algorithms,2016-11-17T22:32:08Z,2020-03-12T11:57:32Z,356,0,Python,75,109,16927
odoo/odoo,2014-05-13T15:38:58Z,2020-03-12T16:28:23Z,6053,0,JavaScript,10834,12054,16918
felixrieseberg/windows95,2018-08-23T05:04:38Z,2020-03-12T16:21:43Z,14,10,TypeScript,79,137,16907
ianstormtaylor/slate,2016-06-18T01:52:42Z,2020-03-12T16:13:44Z,1057,18,JavaScript,1972,2127,16893
prisma/prisma,2016-09-25T12:54:40Z,2020-03-12T13:39:15Z,1310,181,Scala,2823,3363,16893
tmux/tmux,2015-06-03T23:32:55Z,2020-03-12T16:01:35Z,0,27,C,1781,1784,16827
airyland/vux,2016-02-15T03:23:27Z,2020-03-12T14:50:44Z,309,78,Vue,2460,3202,16818
komeiji-satori/Dress,2018-02-11T03:49:29Z,2020-03-12T14:42:34Z,316,0,Standard ML,216,286,16802
encode/django-rest-framework,2011-03-02T17:13:56Z,2020-03-12T16:10:59Z,2426,13,Python,3223,3378,16785
viatsko/awesome-vscode,2016-02-07T23:02:45Z,2020-03-12T14:47:32Z,209,0,JavaScript,19,31,16782
obsproject/obs-studio,2013-10-01T02:40:31Z,2020-03-12T13:09:59Z,1267,108,C,193,230,16748
lydiahallie/javascript-questions,2019-06-12T08:26:27Z,2020-03-12T16:32:17Z,154,0,,78,102,16742
localForage/localForage,2013-10-31T00:10:06Z,2020-03-12T12:30:56Z,258,22,JavaScript,448,594,16741
TeamStuQ/skill-map,2015-11-17T11:17:38Z,2020-03-12T09:55:58Z,42,2,HTML,13,79,16732
microsoft/CNTK,2015-11-26T09:52:06Z,2020-03-12T09:01:49Z,255,32,C++,2504,3230,16708
nostra13/Android-Universal-Image-Loader,2011-11-27T18:48:23Z,2020-03-12T07:04:43Z,49,0,Java,762,1203,16684
Homebrew/homebrew-cask,2012-03-05T02:05:17Z,2020-03-12T15:18:56Z,59856,81,Ruby,5251,5286,16680
BoostIO/Boostnote,2016-03-06T17:06:07Z,2020-03-12T15:46:16Z,1044,15,JavaScript,1787,2212,16677
tobiasahlin/SpinKit,2013-12-12T23:29:41Z,2020-03-12T13:25:42Z,51,9,CSS,52,55,16672
labstack/echo,2015-03-01T17:43:01Z,2020-03-12T10:15:14Z,299,77,Go,935,973,16669
pjreddie/darknet,2014-04-11T07:59:16Z,2020-03-12T14:51:18Z,9,0,C,434,1846,16664
facebook/flux,2014-07-20T23:33:08Z,2020-03-12T06:38:53Z,149,0,JavaScript,217,228,16628
ruby/ruby,2010-02-27T15:55:23Z,2020-03-12T15:27:49Z,450,0,Ruby,0,0,16628
kilimchoi/engineering-blogs,2015-06-13T18:25:17Z,2020-03-12T16:07:02Z,673,0,Ruby,73,74,16615
acmesh-official/acme.sh,2015-12-26T12:56:33Z,2020-03-12T16:05:42Z,810,27,Shell,1149,1615,16615
sqlmapproject/sqlmap,2012-06-26T09:52:15Z,2020-03-12T15:55:44Z,111,5,Python,3787,3837,16609
defunkt/jquery-pjax,2011-02-26T02:44:18Z,2020-03-12T05:13:59Z,81,11,JavaScript,386,440,16602
elixir-lang/elixir,2011-01-09T08:43:57Z,2020-03-12T12:11:19Z,4874,100,Elixir,3985,4006,16597
osquery/osquery,2014-07-29T20:27:33Z,2020-03-12T14:29:22Z,3235,102,C++,1800,2382,16583
vuejs/vue-devtools,2014-09-29T03:52:07Z,2020-03-12T12:28:23Z,193,33,JavaScript,661,860,16581
angular/material,2014-07-01T19:20:06Z,2020-03-12T12:27:08Z,765,2,JavaScript,8455,8921,16576
helm/helm,2015-10-06T01:07:32Z,2020-03-12T15:41:26Z,2730,102,Go,3550,4302,16568
geekcomputers/Python,2011-11-30T09:04:08Z,2020-03-12T14:51:29Z,482,0,Python,39,105,16545
curl/curl,2010-03-18T22:32:22Z,2020-03-12T14:30:33Z,108,43,C,2105,2140,16537
libgdx/libgdx,2012-08-10T19:34:38Z,2020-03-12T11:27:06Z,1995,3,Java,2808,3083,16536
denysdovhan/wtfjs,2017-07-14T15:42:12Z,2020-03-12T16:04:33Z,53,0,JavaScript,28,65,16519
julianshapiro/velocity,2014-04-09T20:02:38Z,2020-03-12T16:27:08Z,54,18,JavaScript,760,800,16512
chrisbanes/PhotoView,2012-07-17T16:39:00Z,2020-03-12T06:44:37Z,51,5,Java,465,607,16497
d2l-ai/d2l-zh,2017-08-23T04:40:24Z,2020-03-12T15:32:10Z,461,10,Python,0,0,16472
facebook/hhvm,2010-01-02T01:17:06Z,2020-03-12T16:03:05Z,87,15,C++,4874,5707,16452
google/python-fire,2017-02-21T21:35:07Z,2020-03-12T14:10:59Z,43,5,Python,106,147,16439
dotnet/aspnetcore,2014-03-11T06:09:42Z,2020-03-12T15:57:51Z,4137,76,C#,12163,14308,16420
stedolan/jq,2012-07-18T19:57:25Z,2020-03-12T15:45:17Z,202,9,C,1159,1624,16415
git-tips/tips,2015-07-15T07:24:48Z,2020-03-12T07:51:16Z,124,0,JavaScript,15,26,16414
go-kit/kit,2015-02-03T00:01:19Z,2020-03-12T16:24:44Z,406,10,Go,390,445,16400
reduxjs/reselect,2015-07-01T11:06:45Z,2020-03-12T16:35:26Z,92,22,JavaScript,231,292,16349
react-spring/react-spring,2018-03-07T15:39:32Z,2020-03-12T15:18:02Z,202,4,JavaScript,582,680,16326
sampotts/plyr,2015-02-14T11:33:07Z,2020-03-12T03:17:51Z,259,67,JavaScript,967,1331,16324
InterviewMap/CS-Interview-Knowledge-Map,2018-03-19T02:38:12Z,2020-03-12T15:12:32Z,60,0,,74,100,16304
yeasy/docker_practice,2014-09-05T04:06:39Z,2020-03-12T14:31:15Z,225,13,Go,169,173,16291
android/architecture-components-samples,2017-05-09T21:09:14Z,2020-03-12T14:48:28Z,166,0,Kotlin,439,536,16287
less/less.js,2010-02-20T17:25:38Z,2020-03-12T12:37:44Z,401,29,JavaScript,2485,2631,16271
CMU-Perceptual-Computing-Lab/openpose,2017-04-24T14:06:31Z,2020-03-12T14:52:37Z,117,13,C++,1271,1294,16247
facebook/rocksdb,2012-11-30T06:16:18Z,2020-03-12T15:44:35Z,542,120,C++,1553,1868,16176
SnapKit/SnapKit,2014-06-05T21:13:40Z,2020-03-12T14:22:22Z,107,11,Swift,414,479,16158
Wox-launcher/Wox,2013-12-19T15:49:32Z,2020-03-12T16:33:54Z,172,25,C#,1551,2460,16147
nikitavoloboev/my-mac-os,2016-03-04T12:26:34Z,2020-03-12T15:19:47Z,14,0,CSS,66,67,16147
facebook/fresco,2015-03-02T09:58:04Z,2020-03-12T09:40:55Z,81,40,Java,1985,2079,16081
spf13/cobra,2013-09-03T20:40:26Z,2020-03-12T16:19:58Z,284,6,Go,373,537,16073
benweet/stackedit,2013-03-24T13:46:06Z,2020-03-12T14:42:38Z,35,13,JavaScript,959,1481,16061
microsoft/PowerToys,2019-05-01T17:44:02Z,2020-03-12T16:02:43Z,362,8,C++,577,1119,16056
Micropoor/Micro8,2019-02-18T08:30:52Z,2020-03-12T14:41:27Z,2,0,,30,40,16055
vlang/v,2019-02-08T02:57:06Z,2020-03-12T14:59:25Z,1638,22,V,1373,1937,16052
necolas/react-native-web,2015-06-09T19:25:38Z,2020-03-12T14:47:50Z,15,14,JavaScript,1070,1139,16047
twitter/typeahead.js,2013-02-19T19:45:01Z,2020-03-12T16:13:02Z,106,0,JavaScript,903,1310,16021
explosion/spaCy,2014-07-03T15:15:40Z,2020-03-12T14:06:29Z,1203,65,Python,3588,3765,15991
ApolloAuto/apollo,2017-07-04T19:03:31Z,2020-03-12T13:06:05Z,7867,8,C++,1575,2172,15988
apache/airflow,2015-04-13T18:04:58Z,2020-03-12T16:17:28Z,3932,15,Python,0,0,15985
eslint/eslint,2013-06-29T23:59:48Z,2020-03-12T14:08:10Z,4350,206,JavaScript,7545,7682,15984
matterport/Mask_RCNN,2017-10-19T20:28:34Z,2020-03-12T15:04:45Z,65,3,Python,603,1839,15982
adobe-fonts/source-code-pro,2012-08-09T23:14:02Z,2020-03-12T15:18:31Z,42,11,CSS,139,181,15969
sebastianbergmann/phpunit,2009-12-24T13:16:23Z,2020-03-12T12:12:03Z,624,33,PHP,2545,2644,15958
jamiebuilds/the-super-tiny-compiler,2016-03-11T04:19:18Z,2020-03-12T15:17:56Z,20,0,JavaScript,0,0,15931
rwaldron/idiomatic.js,2011-05-25T17:48:59Z,2020-03-12T13:31:17Z,108,0,,44,75,15921
lovell/sharp,2013-08-19T20:24:24Z,2020-03-12T16:24:50Z,162,24,JavaScript,1805,1878,15867
highlightjs/highlight.js,2011-01-01T23:47:21Z,2020-03-12T11:13:12Z,825,2,JavaScript,1247,1285,15864
yunjey/pytorch-tutorial,2017-03-10T07:41:47Z,2020-03-12T14:45:07Z,28,0,Python,109,152,15830
vuejs/vue-router,2013-12-11T19:37:46Z,2020-03-12T13:34:26Z,492,63,JavaScript,2213,2344,15806
palantir/blueprint,2016-10-25T21:17:50Z,2020-03-12T12:53:38Z,1638,110,TypeScript,1559,2029,15794
jhipster/generator-jhipster,2013-10-21T20:07:22Z,2020-03-12T15:45:39Z,5117,0,JavaScript,5617,5681,15791
facebook/docusaurus,2017-06-20T16:13:53Z,2020-03-12T14:35:37Z,1489,68,JavaScript,694,764,15778
onevcat/Kingfisher,2015-04-06T14:26:21Z,2020-03-12T09:25:23Z,407,130,Swift,857,905,15775
jgraph/drawio,2016-09-06T12:59:15Z,2020-03-12T15:11:09Z,17,370,JavaScript,509,717,15766
graphql/graphql-js,2015-06-30T12:16:50Z,2020-03-12T15:55:29Z,1444,106,JavaScript,719,796,15721
vuejs/vuepress,2018-04-05T16:58:38Z,2020-03-12T16:29:25Z,618,5,JavaScript,1138,1342,15716
gfwlist/gfwlist,2015-03-13T13:24:56Z,2020-03-12T15:59:30Z,0,0,,1380,1894,15700
reactnativecn/react-native-guide,2015-04-10T03:34:17Z,2020-03-12T12:14:20Z,46,0,,18,19,15696
goldfire/howler.js,2013-01-28T16:47:12Z,2020-03-12T14:17:44Z,106,20,JavaScript,752,1077,15690
eriklindernoren/ML-From-Scratch,2017-02-05T12:11:23Z,2020-03-12T12:50:47Z,9,0,Python,33,53,15677
servo/servo,2012-02-08T19:07:25Z,2020-03-12T15:29:42Z,12794,0,,7498,10737,15654
mqyqingfeng/Blog,2017-03-13T10:04:33Z,2020-03-12T16:00:40Z,3,0,,66,148,15640
QSCTech/zju-icicles,2016-06-28T16:17:32Z,2020-03-12T16:02:25Z,74,0,C,20,25,15638
drduh/macOS-Security-and-Privacy-Guide,2015-08-31T03:36:35Z,2020-03-12T13:08:35Z,125,0,Python,211,213,15625
getredash/redash,2013-10-28T13:19:39Z,2020-03-12T13:57:53Z,2308,94,JavaScript,1469,1831,15624
immerjs/immer,2017-12-29T12:25:47Z,2020-03-12T16:30:05Z,171,51,JavaScript,322,336,15609
JacksonTian/fks,2012-10-17T05:55:16Z,2020-03-12T13:22:58Z,81,0,JavaScript,17,26,15594
alsotang/node-lessons,2014-10-05T09:57:08Z,2020-03-12T08:42:26Z,27,0,JavaScript,43,125,15576
jdg/MBProgressHUD,2009-05-31T21:45:41Z,2020-03-11T21:27:56Z,95,0,Objective-C,330,374,15576
CorentinJ/Real-Time-Voice-Cloning,2019-05-26T08:56:15Z,2020-03-12T12:53:19Z,9,0,Python,140,260,15566
mojs/mojs,2014-06-26T08:49:14Z,2020-03-12T16:17:52Z,36,14,JavaScript,117,171,15564
Kotlin/anko,2014-09-18T12:12:23Z,2020-03-12T12:58:09Z,100,26,Kotlin,376,614,15556
ElemeFE/mint-ui,2016-05-17T09:54:10Z,2020-03-12T15:37:24Z,297,11,Vue,977,1212,15550
jtoy/awesome-tensorflow,2016-02-27T17:00:27Z,2020-03-12T13:11:31Z,106,0,,10,10,15542
wekan/wekan,2014-01-21T01:26:28Z,2020-03-12T15:45:35Z,461,93,JavaScript,1632,2219,15540
jashkenas/coffeescript,2009-12-18T01:39:53Z,2020-03-12T13:09:32Z,848,0,CoffeeScript,4017,4048,15502
uikit/uikit,2013-07-18T16:00:26Z,2020-03-12T15:59:17Z,186,152,CSS,3009,3624,15497
HelloZeroNet/ZeroNet,2015-01-12T00:41:38Z,2020-03-12T14:44:52Z,359,22,Python,1310,1903,15465
zeit/pkg,2016-08-08T19:41:59Z,2020-03-12T13:48:40Z,43,22,JavaScript,297,768,15422
hubotio/hubot,2011-08-27T08:30:59Z,2020-03-12T16:32:22Z,508,9,JavaScript,681,742,15414
nicolargo/glances,2011-12-04T08:49:15Z,2020-03-12T16:34:57Z,352,19,Python,1033,1172,15407
nosir/cleave.js,2016-05-18T12:45:03Z,2020-03-12T16:14:04Z,129,63,JavaScript,307,407,15323
reddit-archive/reddit,2008-06-18T23:30:53Z,2020-03-12T12:41:01Z,18,0,Python,0,0,15314
mbadolato/iTerm2-Color-Schemes,2011-04-01T04:01:46Z,2020-03-12T15:13:44Z,153,0,Shell,47,57,15300
bannedbook/fanqiang,2015-01-14T00:34:25Z,2020-03-12T15:56:24Z,1,0,Rich Text Format,273,443,15298
fengdu78/Coursera-ML-AndrewNg-Notes,2017-11-04T10:04:08Z,2020-03-12T15:07:58Z,9,0,HTML,10,44,15295
swoole/swoole-src,2012-07-21T13:49:59Z,2020-03-12T16:19:12Z,655,182,C++,2260,2313,15276
hasura/graphql-engine,2018-06-18T07:57:36Z,2020-03-12T14:47:42Z,1391,63,JavaScript,1436,2144,15274
fabricjs/fabric.js,2010-06-09T22:24:38Z,2020-03-12T15:22:29Z,1342,92,JavaScript,4231,4446,15269
framework7io/framework7,2014-02-23T12:15:53Z,2020-03-12T06:32:35Z,362,131,JavaScript,2892,2981,15266
google/flexbox-layout,2016-05-04T08:11:22Z,2020-03-12T16:01:52Z,239,24,Kotlin,195,262,15255
rubocop-hq/ruby-style-guide,2011-09-12T13:03:05Z,2020-03-12T15:23:48Z,314,0,,228,289,15232
wenyan-lang/wenyan,2019-12-08T20:21:32Z,2020-03-12T16:29:30Z,152,11,TypeScript,277,425,15230
hashicorp/vault,2015-02-25T00:15:59Z,2020-03-12T13:10:12Z,4391,0,Go,3038,3473,15204
judasn/IntelliJ-IDEA-Tutorial,2015-08-17T15:25:52Z,2020-03-12T16:36:08Z,37,0,,66,67,15189
bower/bower,2012-09-07T00:15:39Z,2020-03-11T14:34:34Z,331,36,JavaScript,1692,1894,15185
wycats/handlebars.js,2010-07-31T18:54:46Z,2020-03-12T13:55:16Z,294,0,JavaScript,1099,1211,15174
mysqljs/mysql,2010-07-29T14:58:13Z,2020-03-12T04:44:34Z,108,0,JavaScript,1809,1928,15169
uglide/RedisDesktopManager,2013-08-05T07:51:08Z,2020-03-12T14:23:41Z,224,59,C++,4222,4263,15149
MLEveryday/100-Days-Of-ML-Code,2018-08-05T13:32:48Z,2020-03-12T16:17:37Z,43,0,Jupyter Notebook,38,46,15133
validatorjs/validator.js,2010-10-06T06:58:48Z,2020-03-12T11:52:34Z,388,4,JavaScript,576,660,15124
jesseduffield/lazygit,2018-05-19T00:53:06Z,2020-03-12T16:21:35Z,296,81,Go,294,353,15122
apache/kafka,2011-08-15T18:06:16Z,2020-03-12T13:40:12Z,2576,0,Java,0,0,15118
psf/black,2018-03-14T19:54:45Z,2020-03-12T15:55:20Z,306,2,Python,661,906,15108
google/ExoPlayer,2014-06-13T21:19:18Z,2020-03-12T16:14:03Z,416,0,Java,5849,6213,15083
android/plaid,2015-10-30T16:10:56Z,2020-03-12T12:04:05Z,366,0,Kotlin,269,327,15078
iissnan/hexo-theme-next,2014-12-01T14:07:07Z,2020-03-12T14:00:39Z,275,18,CSS,1771,1827,15070
shuzheng/zheng,2016-10-04T10:07:06Z,2020-03-12T13:45:45Z,10,0,Java,59,86,15069
marktext/marktext,2017-11-12T16:05:25Z,2020-03-12T14:22:08Z,721,28,JavaScript,958,1199,15063
jenkinsci/jenkins,2010-11-22T21:21:23Z,2020-03-12T16:23:50Z,3214,37,Java,0,0,15057
js-cookie/js-cookie,2015-03-19T15:57:47Z,2020-03-12T16:32:02Z,49,28,JavaScript,396,400,15050
eggjs/egg,2016-06-18T06:53:23Z,2020-03-12T15:17:34Z,913,72,JavaScript,3049,3165,15028
1c7/chinese-independent-developer,2017-09-21T11:08:23Z,2020-03-12T13:47:59Z,86,0,,49,51,15027
winstonjs/winston,2010-12-29T18:49:51Z,2020-03-12T15:41:51Z,343,0,JavaScript,855,1133,15017
florinpop17/app-ideas,2019-02-25T18:36:56Z,2020-03-12T16:29:54Z,124,0,,7,14,14956
ipader/SwiftGuide,2014-06-14T01:17:57Z,2020-03-12T13:51:13Z,25,0,Swift,27,27,14949
ruanyf/react-demos,2015-03-23T10:50:07Z,2020-03-12T03:07:36Z,16,0,JavaScript,27,27,14941
visionmedia/superagent,2011-04-13T02:29:45Z,2020-03-12T15:12:55Z,393,61,JavaScript,832,947,14939
sebastianruder/NLP-progress,2018-06-22T17:43:55Z,2020-03-12T14:47:37Z,319,2,Python,56,74,14875
statsd/statsd,2010-12-30T00:09:50Z,2020-03-12T10:33:22Z,289,0,JavaScript,215,255,14872
phoenixframework/phoenix,2014-01-20T14:14:11Z,2020-03-12T11:43:51Z,1445,20,Elixir,1828,1842,14865
keystonejs/keystone-classic,2013-07-02T05:01:55Z,2020-03-12T05:50:31Z,1738,16,JavaScript,2149,2446,14863
enyo/dropzone,2012-02-12T16:19:18Z,2020-03-12T10:36:04Z,68,32,JavaScript,0,0,14822
jeromeetienne/AR.js,2017-02-17T10:27:59Z,2020-03-12T12:25:56Z,76,0,HTML,611,612,14820
HubSpot/pace,2013-09-12T04:24:29Z,2020-03-12T16:19:13Z,28,23,CSS,138,416,14805
kriskowal/q,2010-09-04T01:21:12Z,2020-03-12T02:07:45Z,148,0,JavaScript,446,546,14792
Tencent/tinker,2016-09-06T06:57:52Z,2020-03-12T06:41:14Z,58,31,Java,985,1243,14785
kon9chunkit/GitHub-Chinese-Top-Charts,2019-09-05T03:01:56Z,2020-03-12T15:36:16Z,0,0,Python,21,65,14784
FelisCatus/SwitchyOmega,2012-06-08T15:32:30Z,2020-03-12T15:31:26Z,7,51,CoffeeScript,1624,1962,14777
StevenBlack/hosts,2012-04-12T20:22:50Z,2020-03-12T15:35:34Z,265,209,Python,782,817,14774
ChristosChristofidis/awesome-deep-learning,2015-01-02T19:28:35Z,2020-03-12T07:42:47Z,122,0,,13,13,14765
pcottle/learnGitBranching,2012-08-13T22:36:09Z,2020-03-12T15:23:05Z,303,0,JavaScript,269,302,14752
tensorflow/magenta,2016-05-05T20:10:40Z,2020-03-12T13:15:39Z,880,40,Python,442,651,14749
basecamp/trix,2013-08-01T22:21:30Z,2020-03-12T15:04:28Z,106,28,CoffeeScript,542,575,14748
jamiebuilds/react-loadable,2017-03-09T18:41:17Z,2020-03-12T12:41:19Z,105,0,JavaScript,0,0,14748
chaozh/awesome-blockchain-cn,2017-03-12T06:02:46Z,2020-03-12T10:54:51Z,7,0,JavaScript,18,25,14737
jasmine/jasmine,2008-12-02T23:46:37Z,2020-03-12T14:59:08Z,267,39,JavaScript,1187,1242,14730
alibaba/ice,2016-11-03T06:59:15Z,2020-03-12T09:56:43Z,1621,19,JavaScript,1254,1302,14721
madrobby/zepto,2010-09-20T07:57:57Z,2020-03-12T05:12:30Z,218,18,HTML,678,746,14714
poteto/hiring-without-whiteboards,2017-03-15T05:09:01Z,2020-03-12T15:17:21Z,808,0,JavaScript,0,0,14674
angular-ui/bootstrap,2012-10-05T18:27:01Z,2020-03-12T06:58:14Z,69,5,JavaScript,4185,4455,14669
designmodo/Flat-UI,2013-03-03T15:36:49Z,2020-03-12T13:27:26Z,38,1,CSS,179,188,14669
google/googletest,2015-07-28T15:07:53Z,2020-03-12T12:26:47Z,596,2,C++,1290,1437,14657
cjbarber/ToolsOfTheTrade,2014-05-29T04:11:33Z,2020-03-11T01:40:49Z,275,0,,35,36,14649
fish-shell/fish-shell,2012-05-10T03:00:55Z,2020-03-12T16:29:17Z,810,26,Shell,4390,4853,14628
libuv/libuv,2013-11-30T00:29:56Z,2020-03-12T16:23:08Z,410,0,C,1073,1145,14621
PHPMailer/PHPMailer,2011-08-23T07:57:17Z,2020-03-12T16:19:11Z,255,38,PHP,1491,1538,14617
v8/v8,2014-09-24T15:24:30Z,2020-03-12T15:03:56Z,0,0,C++,0,0,14601
crystal-lang/crystal,2012-11-27T17:32:32Z,2020-03-12T14:56:32Z,2919,80,Crystal,4104,4936,14578
celery/celery,2009-04-24T11:31:24Z,2020-03-12T14:57:30Z,1177,4,Python,3698,4059,14564
lenve/vhr,2018-01-04T08:57:51Z,2020-03-12T15:36:13Z,0,0,Java,79,177,14562
desandro/masonry,2009-11-21T21:04:56Z,2020-03-12T14:17:20Z,10,22,HTML,1042,1068,14532
seata/seata,2018-12-28T08:37:22Z,2020-03-12T15:29:33Z,877,26,Java,1026,1248,14525
dvajs/dva,2016-06-24T09:06:16Z,2020-03-12T10:09:00Z,195,35,JavaScript,1981,2000,14510
wagerfield/parallax,2013-08-01T15:28:05Z,2020-03-12T11:30:35Z,14,11,JavaScript,200,244,14507
n0shake/Public-APIs,2016-01-13T18:53:25Z,2020-03-12T15:47:32Z,237,0,,29,33,14507
sindresorhus/quick-look-plugins,2013-12-07T15:43:33Z,2020-03-12T16:26:40Z,22,0,,71,77,14475
oxford-cs-deepnlp-2017/lectures,2017-02-06T11:32:46Z,2020-03-12T04:41:51Z,4,0,,6,16,14466
joewalnes/websocketd,2013-02-14T14:52:55Z,2020-03-12T12:09:25Z,81,6,Go,250,274,14433
acdlite/recompose,2015-10-07T05:54:51Z,2020-03-12T00:47:39Z,246,42,JavaScript,373,427,14427
facebook/folly,2012-06-01T20:49:04Z,2020-03-12T16:02:08Z,3,0,C++,485,657,14421
twbs/ratchet,2012-08-17T05:41:57Z,2020-03-12T10:34:10Z,231,4,CSS,334,536,14413
rust-unofficial/awesome-rust,2014-07-17T10:45:10Z,2020-03-12T15:49:43Z,711,0,Rust,62,77,14406
datasciencemasters/go,2013-08-14T08:33:55Z,2020-03-12T09:50:12Z,43,0,,22,42,14400
microsoft/MS-DOS,2018-06-25T18:26:02Z,2020-03-12T00:03:03Z,34,0,Assembly,49,52,14382
popperjs/popper-core,2016-03-29T17:00:47Z,2020-03-12T08:42:30Z,348,108,JavaScript,580,582,14374
shieldfy/API-Security-Checklist,2017-07-08T20:01:38Z,2020-03-12T06:47:06Z,88,0,,19,28,14374
Developer-Y/cs-video-courses,2016-10-21T17:02:11Z,2020-03-12T14:06:48Z,67,0,,18,21,14361
hapijs/joi,2012-09-16T16:38:06Z,2020-03-12T16:04:38Z,354,0,JavaScript,1760,1769,14360
nswbmw/N-blog,2013-05-27T06:46:58Z,2020-03-12T13:13:02Z,25,0,JavaScript,419,434,14352
commaai/openpilot,2016-11-24T01:33:30Z,2020-03-12T13:27:55Z,396,19,C++,359,396,14342
nostalgic-css/NES.css,2018-09-24T01:49:11Z,2020-03-12T09:58:19Z,207,7,CSS,126,147,14340
zziz/pwc,2018-09-02T12:06:52Z,2020-03-12T13:41:34Z,10,0,,4,19,14338
jesseduffield/lazydocker,2019-05-18T08:53:50Z,2020-03-12T15:46:08Z,77,24,Go,69,120,14331
AllThingsSmitty/css-protips,2015-08-29T12:29:03Z,2020-03-11T15:54:02Z,42,0,,39,43,14308
notable/notable,2018-12-22T13:57:19Z,2020-03-12T14:54:58Z,25,20,,705,997,14291
yabwe/medium-editor,2013-05-29T17:40:11Z,2020-03-12T13:49:53Z,512,149,JavaScript,599,895,14290
ionic-team/ionicons,2013-10-10T14:34:18Z,2020-03-12T10:42:18Z,35,30,TypeScript,386,682,14286
bazelbuild/bazel,2014-06-12T16:00:38Z,2020-03-12T15:23:39Z,22,83,Java,5303,7400,14282
iview/iview-admin,2017-09-15T10:34:27Z,2020-03-12T13:08:05Z,90,30,Vue,600,1152,14279
spf13/spf13-vim,2010-04-20T16:20:16Z,2020-03-12T06:25:43Z,256,0,Vim script,407,720,14270
airbnb/react-sketchapp,2017-04-21T18:27:39Z,2020-03-11T09:00:05Z,167,22,TypeScript,250,275,14221
infernojs/inferno,2015-02-01T22:07:38Z,2020-03-12T12:53:04Z,528,158,JavaScript,782,814,14216
cocos2d/cocos2d-x,2010-11-18T23:17:00Z,2020-03-12T16:32:57Z,12318,0,C++,3489,4753,14209
Binaryify/NeteaseCloudMusicApi,2016-06-22T11:58:03Z,2020-03-12T16:27:09Z,61,70,JavaScript,593,632,14205
limetext/lime,2012-10-03T18:10:02Z,2020-03-12T15:41:09Z,160,0,,379,401,14203
facebook/relay,2015-08-10T22:09:16Z,2020-03-12T13:57:27Z,107,54,JavaScript,1373,1560,14200
altercation/solarized,2011-02-18T05:18:27Z,2020-03-12T12:54:19Z,21,0,Vim script,95,244,14189
reduxjs/redux-thunk,2015-07-13T13:33:08Z,2020-03-12T12:07:42Z,47,12,JavaScript,174,176,14189
microsoft/api-guidelines,2016-07-12T20:01:24Z,2020-03-12T16:35:34Z,65,0,,51,76,14176
android10/Android-CleanArchitecture,2014-08-19T14:09:26Z,2020-03-12T15:53:21Z,13,0,Java,120,243,14157
Tencent/mars,2016-12-12T04:39:54Z,2020-03-12T14:24:31Z,46,6,C++,528,681,14157
briannesbitt/Carbon,2012-09-08T02:56:20Z,2020-03-12T10:21:45Z,857,148,PHP,868,876,14156
binux/pyspider,2014-02-21T19:18:47Z,2020-03-12T13:45:51Z,89,13,Python,537,783,14152
PostgREST/postgrest,2014-06-13T00:23:00Z,2020-03-12T15:04:49Z,435,25,Haskell,819,915,14137
braydie/HowToBeAProgrammer,2016-01-04T16:47:54Z,2020-03-12T06:54:13Z,84,0,,17,21,14132
YMFE/yapi,2016-05-30T09:09:09Z,2020-03-12T14:09:38Z,96,0,JavaScript,727,1495,14129
riot/riot,2013-09-27T05:21:01Z,2020-03-12T14:35:01Z,436,53,JavaScript,2063,2065,14128
sirupsen/logrus,2013-10-16T19:08:55Z,2020-03-12T10:33:18Z,353,7,Go,420,496,14127
portainer/portainer,2016-05-19T20:15:28Z,2020-03-12T14:22:36Z,974,70,HTML,1814,2433,14120
zhaoolee/ChromeAppHeroes,2019-02-07T06:35:24Z,2020-03-12T16:02:14Z,7,0,JavaScript,27,35,14116
machinelearningmindset/TensorFlow-Course,2018-10-02T18:10:12Z,2020-03-12T13:31:15Z,7,1,Python,9,9,14106
qiurunze123/miaosha,2018-09-14T04:36:24Z,2020-03-12T16:30:12Z,8,0,Java,28,38,14075
chalk/chalk,2013-08-03T00:20:12Z,2020-03-12T14:32:56Z,73,16,JavaScript,247,257,14069
charlax/professional-programming,2015-11-07T05:07:52Z,2020-03-12T15:55:32Z,18,0,Shell,7,7,14065
ipython/ipython,2010-05-10T04:46:06Z,2020-03-12T15:38:46Z,4904,28,Python,5023,6288,14062
laurent22/joplin,2017-01-16T21:49:41Z,2020-03-12T16:21:29Z,504,115,JavaScript,1813,2010,14061
tsenart/vegeta,2013-08-13T11:45:21Z,2020-03-12T15:38:33Z,125,60,Go,283,313,14058
electron-react-boilerplate/electron-react-boilerplate,2015-05-18T09:54:57Z,2020-03-12T15:15:03Z,595,40,TypeScript,1095,1125,14045
hackiftekhar/IQKeyboardManager,2013-08-25T11:32:48Z,2020-03-12T13:45:19Z,99,75,Objective-C,1501,1525,14039
leereilly/games,2012-01-05T19:48:55Z,2020-03-12T14:06:35Z,192,0,,75,197,14038
nuysoft/Mock,2013-04-26T08:06:57Z,2020-03-12T12:23:26Z,7,14,JavaScript,129,364,14027
libra/libra,2019-04-02T21:51:45Z,2020-03-12T07:22:50Z,469,0,Rust,358,597,14021
facebook/prepack,2015-10-28T23:25:08Z,2020-03-10T10:53:02Z,500,43,JavaScript,561,767,14008
wangzheng0822/algo,2018-09-24T05:33:46Z,2020-03-12T15:47:41Z,321,0,Python,16,92,14009
adam-golab/react-developer-roadmap,2018-06-16T13:40:50Z,2020-03-12T13:11:49Z,26,0,JavaScript,16,37,13997
acgotaku/BaiduExporter,2014-07-07T07:37:07Z,2020-03-12T14:41:20Z,54,10,JavaScript,614,623,13992
material-components/material-components-web,2016-12-05T16:04:09Z,2020-03-12T16:30:48Z,2593,3,TypeScript,2124,2404,13979
iptv-org/iptv,2018-11-14T22:00:57Z,2020-03-12T16:26:51Z,776,0,JavaScript,155,201,13970
quasarframework/quasar,2015-10-05T15:45:36Z,2020-03-12T15:49:55Z,1960,249,JavaScript,3892,4086,13962
hzlzh/Best-App,2013-08-30T14:32:19Z,2020-03-12T08:48:19Z,48,0,,30,65,13957
Shopify/draggable,2017-09-27T15:31:23Z,2020-03-12T12:55:23Z,95,9,JavaScript,123,222,13955
google/flatbuffers,2014-05-19T18:33:01Z,2020-03-12T16:02:34Z,802,16,C++,1079,1265,13943
wangshub/wechat_jump_game,2017-12-29T02:00:19Z,2020-03-12T16:24:41Z,146,2,Python,958,984,13918
dennybritz/reinforcement-learning,2016-08-24T17:02:41Z,2020-03-12T10:05:07Z,58,0,Jupyter Notebook,54,139,13877
elastic/kibana,2013-01-26T04:00:59Z,2020-03-12T16:29:22Z,33056,21,TypeScript,16691,22587,13872
angular-ui/ui-router,2013-01-18T20:26:29Z,2020-03-12T10:27:05Z,294,54,TypeScript,3143,3157,13867
mxgmn/WaveFunctionCollapse,2016-09-30T11:53:17Z,2020-03-12T10:22:58Z,16,0,C#,31,33,13867
nfarina/homebridge,2014-12-01T16:37:39Z,2020-03-12T12:26:55Z,214,0,JavaScript,2059,2168,13834
rancher/rancher,2014-11-07T20:49:31Z,2020-03-12T13:09:44Z,3705,468,Go,19220,21643,13826
fbsamples/f8app,2016-03-10T21:45:12Z,2020-03-12T15:18:00Z,43,0,JavaScript,187,202,13813
fastify/fastify,2016-09-28T19:10:14Z,2020-03-12T12:42:25Z,1053,130,JavaScript,801,849,13800
trekhleb/homemade-machine-learning,2018-11-01T04:34:19Z,2020-03-12T13:32:07Z,2,0,Jupyter Notebook,7,18,13800
svg/svgo,2012-08-22T10:41:43Z,2020-03-12T12:23:59Z,200,34,JavaScript,624,886,13798
realm/realm-cocoa,2012-04-16T20:06:56Z,2020-03-12T13:27:43Z,2060,140,Objective-C,3481,3915,13750
jsdom/jsdom,2010-01-19T06:55:19Z,2020-03-12T16:17:59Z,657,18,JavaScript,1458,1738,13710
janl/mustache.js,2009-10-04T23:41:19Z,2020-03-12T13:32:22Z,150,15,JavaScript,365,421,13708
PerfectlySoft/Perfect,2015-10-02T18:20:08Z,2020-03-12T10:55:15Z,74,1,Swift,133,182,13677
luong-komorebi/Awesome-Linux-Software,2016-08-06T13:16:29Z,2020-03-12T16:19:51Z,360,0,Python,91,98,13654
halo-dev/halo,2018-03-21T12:56:52Z,2020-03-12T16:22:58Z,117,48,Java,413,462,13653
eligrey/FileSaver.js,2011-07-15T03:27:54Z,2020-03-12T12:33:47Z,64,13,JavaScript,431,501,13653
tqdm/tqdm,2015-06-03T13:13:14Z,2020-03-12T14:11:56Z,176,79,Python,388,590,13626
yudai/gotty,2015-08-16T09:48:33Z,2020-03-12T10:51:38Z,33,16,Go,117,185,13622
golang-standards/project-layout,2017-09-09T16:33:26Z,2020-03-12T16:09:00Z,12,0,Makefile,8,39,13618
0xd4d/dnSpy,2015-07-01T16:05:10Z,2020-03-12T13:43:29Z,46,1,C#,1190,1321,13615
FormidableLabs/webpack-dashboard,2016-08-14T17:44:33Z,2020-03-12T01:35:08Z,84,22,JavaScript,173,204,13587
dwmkerr/hacker-laws,2018-01-25T03:46:34Z,2020-03-12T16:21:43Z,106,0,,36,122,13580
huge-success/sanic,2016-05-26T04:38:22Z,2020-03-12T14:38:36Z,774,26,Python,798,852,13566
WordPress/WordPress,2011-12-01T07:05:17Z,2020-03-12T15:56:26Z,0,0,PHP,0,0,13560
MengTo/Spring,2014-12-26T14:57:02Z,2020-03-12T16:13:11Z,60,0,Swift,88,219,13542
DrKLO/Telegram,2013-10-25T14:08:10Z,2020-03-12T13:32:08Z,16,15,Java,0,0,13532
Carthage/Carthage,2014-10-10T19:54:55Z,2020-03-12T06:55:43Z,917,70,Swift,1699,1848,13521
tj/git-extras,2010-08-04T16:32:07Z,2020-03-11T22:54:48Z,414,14,Shell,212,298,13514
norvig/pytudes,2017-03-01T05:43:35Z,2020-03-12T11:53:44Z,41,0,Jupyter Notebook,10,20,13502
go-delve/delve,2014-05-20T19:24:43Z,2020-03-12T12:49:01Z,661,6,Go,934,1027,13490
ampproject/amphtml,2015-09-01T22:10:53Z,2020-03-12T13:44:28Z,13672,478,JavaScript,8696,10378,13490
websockets/ws,2011-11-09T22:32:45Z,2020-03-12T15:59:01Z,438,56,JavaScript,1109,1116,13485
CarGuo/GSYVideoPlayer,2016-11-13T12:34:31Z,2020-03-12T13:22:38Z,10,15,Java,2482,2495,13473
Awesome-HarmonyOS/HarmonyOS,2019-08-09T11:24:00Z,2020-03-12T14:33:40Z,13,0,C,0,0,13473
GeekyAnts/NativeBase,2016-04-15T11:37:23Z,2020-03-12T16:26:16Z,455,82,JavaScript,2203,2400,13465
hemanth/functional-programming-jargon,2015-02-22T16:04:42Z,2020-03-11T21:51:24Z,111,0,,42,63,13463
recharts/recharts,2015-08-07T06:50:27Z,2020-03-12T13:23:02Z,236,0,TypeScript,1170,1723,13458
30-seconds/30-seconds-of-css,2018-02-25T13:22:25Z,2020-03-12T09:00:20Z,95,0,,55,56,13430
yaronn/blessed-contrib,2015-01-14T14:18:07Z,2020-03-12T16:15:58Z,63,0,JavaScript,54,111,13422
ibireme/YYKit,2013-04-10T19:47:33Z,2020-03-12T15:10:59Z,32,0,Objective-C,239,476,13416
amazeui/amazeui,2014-08-04T14:23:37Z,2020-03-12T10:07:31Z,418,25,JavaScript,563,699,13407
TKkk-iOSer/WeChatPlugin-MacOS,2017-04-20T14:37:37Z,2020-03-12T16:02:17Z,7,15,Objective-C,423,553,13407
vim-airline/vim-airline,2013-06-30T18:49:56Z,2020-03-12T13:54:47Z,484,11,Vim script,1428,1451,13403
apache/incubator-weex,2017-01-06T08:00:06Z,2020-03-12T16:20:14Z,1684,5,C++,683,805,13398
apollographql/apollo-client,2016-02-26T20:25:00Z,2020-03-12T14:14:07Z,2705,1,TypeScript,2166,2592,13381
angular/angular-seed,2010-12-24T06:07:50Z,2020-03-12T08:45:43Z,10,0,JavaScript,203,212,13353
ccxt/ccxt,2017-05-14T15:41:56Z,2020-03-12T13:58:01Z,1996,0,JavaScript,3874,4218,13323
yiisoft/yii2,2012-02-13T15:32:36Z,2020-03-12T15:46:47Z,4289,47,PHP,10086,10554,13318
cool-RR/PySnooper,2019-04-18T13:55:43Z,2020-03-12T07:47:05Z,53,0,Python,81,94,13315
geeeeeeeeek/electronic-wechat,2016-02-18T09:09:53Z,2020-03-12T16:19:15Z,59,7,JavaScript,397,595,13312
SpaceVim/SpaceVim,2016-12-26T04:40:55Z,2020-03-12T13:34:59Z,1603,14,Vim script,1632,1662,13308
facebookarchive/AsyncDisplayKit,2014-06-27T05:29:02Z,2020-03-12T09:53:06Z,1662,27,Objective-C++,1343,1365,13295
interagent/http-api-design,2014-05-07T17:00:37Z,2020-03-11T10:00:13Z,36,0,,17,46,13295
mozilla/DeepSpeech,2016-06-02T15:04:53Z,2020-03-12T16:31:46Z,1000,51,C++,1535,1596,13294
handsontable/handsontable,2011-05-23T22:38:58Z,2020-03-12T12:41:13Z,476,173,JavaScript,5070,5807,13283
ccgus/fmdb,2010-07-06T22:50:17Z,2020-03-11T17:20:17Z,138,4,Objective-C,304,518,13282
prisma-archive/chromeless,2017-06-01T16:11:11Z,2020-03-11T02:09:55Z,88,7,TypeScript,160,332,13279
urfave/cli,2013-07-13T19:32:06Z,2020-03-12T15:58:58Z,447,20,Go,426,492,13270
didi/DoraemonKit,2018-08-14T10:32:07Z,2020-03-12T15:43:03Z,113,3,Java,265,277,13260
css-modules/css-modules,2015-05-25T21:54:47Z,2020-03-12T03:53:14Z,22,0,,218,298,13259
cayleygraph/cayley,2014-06-05T18:49:41Z,2020-03-12T15:46:05Z,358,15,Go,385,457,13253
lgvalle/Material-Animations,2015-03-08T20:54:00Z,2020-03-12T07:00:15Z,12,0,Java,27,40,13216
fivethirtyeight/data,2014-03-17T13:49:17Z,2020-03-12T15:18:54Z,41,0,Jupyter Notebook,72,101,13201
vurtun/nuklear,2015-03-25T13:32:06Z,2020-03-12T08:13:39Z,201,0,C,451,659,13200
syhyz1990/baiduyun,2018-03-23T02:04:43Z,2020-03-12T15:07:39Z,2,0,JavaScript,381,413,13194
source-foundry/Hack,2015-06-21T22:47:58Z,2020-03-12T12:29:56Z,58,15,Shell,333,428,13173
wuyouzhuguli/SpringAll,2018-05-02T02:48:44Z,2020-03-12T16:18:33Z,1,0,Java,21,25,13172
frappe/charts,2017-10-26T10:13:21Z,2020-03-12T16:07:47Z,50,4,JavaScript,93,181,13168
kailashahirwar/cheatsheets-ai,2017-05-24T12:06:56Z,2020-03-12T14:38:54Z,2,0,,8,14,13163
menzi11/BullshitGenerator,2019-10-28T17:05:51Z,2020-03-12T15:24:23Z,7,0,JavaScript,24,129,13154
ty4z2008/Qix,2014-04-20T11:03:15Z,2020-03-12T11:52:40Z,13,1,,20,20,13148
cmusatyalab/openface,2015-09-16T12:47:27Z,2020-03-12T11:39:01Z,38,4,Lua,362,365,13142
dotnet-architecture/eShopOnContainers,2016-10-05T22:35:23Z,2020-03-12T15:08:03Z,280,7,C#,760,809,13130
react-dnd/react-dnd,2014-10-19T13:29:28Z,2020-03-12T13:06:54Z,758,120,TypeScript,1107,1200,13119
you-dont-need/You-Dont-Need-JavaScript,2016-07-05T07:30:42Z,2020-03-12T11:23:46Z,42,0,CSS,9,34,13116
golang/dep,2016-10-07T00:04:51Z,2020-03-12T15:52:59Z,681,12,Go,1085,1347,13115
swisskyrepo/PayloadsAllTheThings,2016-10-18T07:29:07Z,2020-03-12T15:56:01Z,121,1,Python,19,32,13115
realm/SwiftLint,2015-05-16T16:59:31Z,2020-03-12T12:59:00Z,1196,74,Swift,1268,1596,13114
numpy/numpy,2010-09-13T23:02:39Z,2020-03-12T12:17:33Z,5922,48,C,6382,8201,13114
google/fonts,2015-02-11T23:34:54Z,2020-03-12T14:54:46Z,884,0,HTML,571,1225,13110
CoderMJLee/MJRefresh,2014-05-23T16:22:32Z,2020-03-11T22:37:51Z,78,24,Objective-C,1202,1224,13105
alibaba/easyexcel,2018-02-06T03:14:08Z,2020-03-12T16:19:33Z,28,1,Java,936,1059,13103
browserify/browserify,2010-09-22T16:11:32Z,2020-03-12T13:08:19Z,220,12,JavaScript,1095,1408,13102
dotnet/core,2014-11-18T00:44:57Z,2020-03-12T14:58:23Z,945,92,Shell,2848,3041,13089
bitcoinbook/bitcoinbook,2013-08-11T23:18:28Z,2020-03-12T14:43:42Z,245,3,Python,189,259,13077
Eugeny/terminus,2016-12-23T09:06:10Z,2020-03-12T16:05:51Z,578,89,TypeScript,1062,1334,13076
strongloop/loopback,2013-04-09T16:02:18Z,2020-03-12T11:49:54Z,797,3,JavaScript,3228,3248,13073
preservim/nerdtree,2008-03-10T07:34:08Z,2020-03-12T16:35:01Z,246,0,Vim script,737,743,13070
ethereum/wiki,2014-02-14T23:05:17Z,2020-03-12T16:19:13Z,46,0,,303,320,13069
salomonelli/best-resume-ever,2017-01-30T23:02:00Z,2020-03-12T13:06:46Z,134,0,Vue,86,112,13054
marcuswestin/WebViewJavascriptBridge,2011-08-28T02:25:27Z,2020-03-12T10:33:09Z,77,0,Objective-C,196,257,13053
toml-lang/toml,2013-02-24T03:03:57Z,2020-03-12T13:08:34Z,274,5,,320,347,13041
spotify/luigi,2012-09-20T15:06:38Z,2020-03-11T21:46:08Z,1685,46,Python,786,823,13035
bokeh/bokeh,2012-03-26T15:40:01Z,2020-03-12T15:12:36Z,3469,0,Python,5300,5765,13004
haoel/leetcode,2014-10-20T03:22:04Z,2020-03-12T13:28:30Z,75,0,C++,34,50,12991
hwdsl2/setup-ipsec-vpn,2016-01-07T16:44:12Z,2020-03-12T15:52:17Z,10,0,Shell,672,693,12976
pshihn/rough,2016-12-13T09:12:55Z,2020-03-11T18:32:38Z,38,15,TypeScript,66,84,12972
mybatis/mybatis-3,2013-02-14T19:03:32Z,2020-03-12T15:32:46Z,577,31,Java,866,972,12958
so-fancy/diff-so-fancy,2016-02-04T11:32:08Z,2020-03-12T15:40:22Z,117,30,Perl,189,207,12953
oblador/react-native-vector-icons,2015-05-15T16:38:57Z,2020-03-12T16:28:11Z,126,55,JavaScript,676,917,12945
substack/stream-handbook,2012-08-26T07:24:04Z,2020-03-12T12:57:50Z,14,0,JavaScript,11,46,12938
aFarkas/lazysizes,2014-10-11T21:03:26Z,2020-03-12T11:49:28Z,50,89,JavaScript,531,662,12932
iperov/DeepFaceLab,2018-06-04T13:10:00Z,2020-03-12T14:45:24Z,28,3,Python,358,566,12924
youzan/vant,2017-04-19T07:55:31Z,2020-03-12T12:52:36Z,2128,2,JavaScript,3561,3581,12910
vadimdemedes/ink,2017-06-12T06:12:28Z,2020-03-12T15:44:17Z,80,23,JavaScript,114,148,12910
getlantern/download,2018-06-26T23:52:16Z,2020-03-12T14:54:24Z,3,0,,0,0,12895
facebook/yoga,2014-04-07T01:37:37Z,2020-03-12T16:09:10Z,102,24,C++,260,448,12893
pubkey/rxdb,2016-12-02T19:34:42Z,2020-03-12T11:11:40Z,1354,46,TypeScript,351,355,12889
xuxueli/xxl-job,2015-11-28T12:59:34Z,2020-03-12T14:24:00Z,64,28,Java,1224,1305,12881
pouchdb/pouchdb,2010-06-10T18:34:24Z,2020-03-12T10:33:12Z,1387,63,JavaScript,3815,3861,12878
marcuswestin/store.js,2010-06-27T20:29:33Z,2020-03-12T08:07:27Z,55,0,JavaScript,147,211,12873
maxwellito/vivus,2014-05-13T22:22:18Z,2020-03-12T16:34:27Z,29,14,JavaScript,172,179,12856
grab/front-end-guide,2017-04-24T02:06:06Z,2020-03-12T03:14:39Z,14,0,JavaScript,8,9,12855
hdodenhof/CircleImageView,2014-01-17T16:44:46Z,2020-03-12T16:13:29Z,13,0,Java,313,316,12836
matomo-org/matomo,2011-03-30T21:18:17Z,2020-03-12T10:27:09Z,3674,449,PHP,9074,10767,12825
tensorflow/tfjs,2018-03-05T05:41:02Z,2020-03-12T16:23:06Z,756,17,TypeScript,1550,1980,12816
tj/n,2011-01-05T14:53:19Z,2020-03-12T16:12:17Z,125,29,Shell,399,400,12816
dianping/cat,2012-12-05T02:31:48Z,2020-03-12T15:41:37Z,857,0,Java,909,972,12809
flatpickr/flatpickr,2015-08-10T23:52:45Z,2020-03-12T16:13:53Z,318,129,TypeScript,1313,1628,12807
alibaba/canal,2013-01-13T10:59:52Z,2020-03-12T16:15:03Z,310,19,Java,1854,2222,12804
geeeeeeeeek/git-recipes,2015-10-10T06:53:17Z,2020-03-12T09:45:36Z,24,0,,0,0,12802
foreversd/forever,2010-09-27T15:47:23Z,2020-03-12T15:19:37Z,85,0,JavaScript,585,878,12786
twbs/bootstrap-sass,2011-09-06T18:58:49Z,2020-03-12T05:49:40Z,139,13,Ruby,811,819,12785
philc/vimium,2009-09-20T07:08:19Z,2020-03-12T16:19:11Z,570,0,CoffeeScript,1916,2565,12773
nikic/PHP-Parser,2011-04-18T17:03:47Z,2020-03-12T15:04:44Z,119,53,PHP,363,406,12751
signalapp/Signal-Android,2011-12-15T20:01:12Z,2020-03-12T08:14:16Z,236,0,Java,6811,7298,12745
winterbe/java8-tutorial,2014-03-16T17:25:43Z,2020-03-12T05:54:24Z,10,0,Java,0,0,12735
textmate/textmate,2012-08-08T16:25:52Z,2020-03-12T15:04:28Z,86,177,Objective-C++,0,0,12716
nginx-proxy/nginx-proxy,2014-05-05T17:01:40Z,2020-03-12T16:01:33Z,172,0,Python,532,1025,12711
nfl/react-helmet,2015-06-18T00:07:34Z,2020-03-12T13:03:53Z,140,1,JavaScript,198,308,12701
sqlitebrowser/sqlitebrowser,2014-05-04T01:54:44Z,2020-03-12T16:09:26Z,332,30,C++,1400,1755,12700
docsifyjs/docsify,2016-11-20T07:55:43Z,2020-03-12T14:56:12Z,270,6,JavaScript,635,718,12698
react-native-community/lottie-react-native,2017-01-27T18:24:50Z,2020-03-12T16:25:45Z,114,0,Java,397,456,12694
Awesome-Windows/Awesome,2016-05-30T17:27:35Z,2020-03-12T16:11:56Z,193,0,,62,65,12691
chriskempson/tomorrow-theme,2011-02-14T15:43:03Z,2020-03-11T16:33:16Z,131,0,CSS,76,156,12675
dgraph-io/dgraph,2015-08-25T07:15:56Z,2020-03-12T16:36:55Z,1766,54,Go,1827,2047,12644
adobe-webplatform/Snap.svg,2013-08-15T20:51:34Z,2020-03-12T16:29:06Z,41,0,JavaScript,284,520,12624
zyedidia/micro,2016-03-11T02:06:28Z,2020-03-12T14:07:17Z,373,24,Go,837,1104,12618
erusev/parsedown,2013-07-10T20:23:25Z,2020-03-12T15:14:44Z,123,25,PHP,441,492,12600
processing/p5.js,2013-02-26T03:14:47Z,2020-03-12T15:26:42Z,1487,68,JavaScript,2464,2536,12598
sharkdp/fd,2017-05-09T21:27:10Z,2020-03-12T15:38:14Z,168,19,Rust,304,337,12582
apache/skywalking,2015-11-07T03:30:36Z,2020-03-12T12:50:53Z,2002,36,Java,2056,2146,12578
philipwalton/solved-by-flexbox,2013-08-31T23:04:51Z,2020-03-12T06:49:09Z,22,0,CSS,67,88,12575
Kong/insomnia,2016-04-23T03:54:26Z,2020-03-12T16:36:11Z,431,79,JavaScript,1263,1517,12575
